Season,Team,HomeMatches,HomeWins,HomeDraws,HomeLosses,HomeGoals,HomeGoalsAllowed,HomeComebackWins,HomeBlownLeads,AwayMatches,AwayWins,AwayDraws,AwayLosses,AwayGoals,AwayGoalsAllowed,AwayComebackWins,AwayBlownLeads,TotalMatches,TotalWins,TotalDraws,TotalLosses,TotalGoals,TotalGoalsAllowed,GoalDifference,TotalComebackWins,TotalBlownLeads,WinRate,ComebackRate,BlownLeadRate
2000/01,Arsenal,19,15,3,1,45,13,1,2,19,5,7,7,18,25,0,1,38,20,10,8,63,38,25,1,3,0.5263157894736842,0.02631578947368421,0.07894736842105263
2000/01,Aston Villa,19,8,8,3,27,20,2,2,19,5,7,7,19,23,0,1,38,13,15,10,46,43,3,2,3,0.34210526315789475,0.05263157894736842,0.07894736842105263
2000/01,Bradford,19,4,7,8,20,29,0,4,19,1,4,14,10,41,0,3,38,5,11,22,30,70,-40,0,7,0.13157894736842105,0.0,0.18421052631578946
2000/01,Charlton,19,11,5,3,31,19,0,2,19,3,5,11,19,38,0,1,38,14,10,14,50,57,-7,0,3,0.3684210526315789,0.0,0.07894736842105263
2000/01,Chelsea,19,13,3,3,44,20,0,3,19,4,7,8,24,25,0,2,38,17,10,11,68,45,23,0,5,0.4473684210526316,0.0,0.13157894736842105
2000/01,Coventry,19,4,7,8,14,23,0,1,19,4,3,12,22,40,0,3,38,8,10,20,36,63,-27,0,4,0.21052631578947367,0.0,0.10526315789473684
2000/01,Derby,19,8,7,4,23,24,0,2,19,2,5,12,14,35,0,1,38,10,12,16,37,59,-22,0,3,0.2631578947368421,0.0,0.07894736842105263
2000/01,Everton,19,6,8,5,29,27,2,2,19,5,1,13,16,32,1,1,38,11,9,18,45,59,-14,3,3,0.2894736842105263,0.07894736842105263,0.07894736842105263
2000/01,Ipswich,19,11,5,3,31,15,2,1,19,9,1,9,26,27,1,1,38,20,6,12,57,42,15,3,2,0.5263157894736842,0.07894736842105263,0.05263157894736842
2000/01,Leeds,19,11,3,5,36,21,2,0,19,9,5,5,28,22,0,1,38,20,8,10,64,43,21,2,1,0.5263157894736842,0.05263157894736842,0.02631578947368421
2000/01,Leicester,19,10,4,5,28,23,0,1,19,4,2,13,11,28,0,0,38,14,6,18,39,51,-12,0,1,0.3684210526315789,0.0,0.02631578947368421
2000/01,Liverpool,19,13,4,2,40,14,0,0,19,7,5,7,31,25,0,4,38,20,9,9,71,39,32,0,4,0.5263157894736842,0.0,0.10526315789473684
2000/01,Man City,19,4,3,12,20,31,0,0,19,4,7,8,21,34,0,3,38,8,10,20,41,65,-24,0,3,0.21052631578947367,0.0,0.07894736842105263
2000/01,Man United,19,15,2,2,49,12,1,1,19,9,6,4,30,19,0,3,38,24,8,6,79,31,48,1,4,0.631578947368421,0.02631578947368421,0.10526315789473684
2000/01,Middlesbrough,19,4,7,8,18,23,0,2,19,5,8,6,26,21,0,4,38,9,15,14,44,44,0,0,6,0.23684210526315788,0.0,0.15789473684210525
2000/01,Newcastle,19,10,4,5,26,17,0,2,19,4,5,10,18,33,0,0,38,14,9,15,44,50,-6,0,2,0.3684210526315789,0.0,0.05263157894736842
2000/01,Southampton,19,11,2,6,27,22,1,0,19,3,8,8,13,26,0,2,38,14,10,14,40,48,-8,1,2,0.3684210526315789,0.02631578947368421,0.05263157894736842
2000/01,Sunderland,19,9,7,3,24,16,0,1,19,6,5,8,22,25,2,0,38,15,12,11,46,41,5,2,1,0.39473684210526316,0.05263157894736842,0.02631578947368421
2000/01,Tottenham,19,11,6,2,31,16,1,1,19,2,4,13,16,38,1,3,38,13,10,15,47,54,-7,2,4,0.34210526315789475,0.05263157894736842,0.10526315789473684
2000/01,West Ham,19,6,6,7,24,20,1,1,19,4,6,9,21,30,0,0,38,10,12,16,45,50,-5,1,1,0.2631578947368421,0.02631578947368421,0.02631578947368421
2001/02,Arsenal,19,12,4,3,42,25,4,2,19,14,5,0,37,11,1,1,38,26,9,3,79,36,43,5,3,0.6842105263157895,0.13157894736842105,0.07894736842105263
2001/02,Aston Villa,19,8,7,4,22,17,0,3,19,4,7,8,24,30,0,3,38,12,14,12,46,47,-1,0,6,0.3157894736842105,0.0,0.15789473684210525
2001/02,Blackburn,19,8,6,5,33,20,0,1,19,4,4,11,22,31,0,2,38,12,10,16,55,51,4,0,3,0.3157894736842105,0.0,0.07894736842105263
2001/02,Bolton,19,5,7,7,20,31,0,1,19,4,6,9,24,31,0,1,38,9,13,16,44,62,-18,0,2,0.23684210526315788,0.0,0.05263157894736842
2001/02,Charlton,19,5,6,8,23,30,0,1,19,5,8,6,15,19,0,1,38,10,14,14,38,49,-11,0,2,0.2631578947368421,0.0,0.05263157894736842
2001/02,Chelsea,19,11,4,4,43,21,0,3,19,6,9,4,23,17,1,2,38,17,13,8,66,38,28,1,5,0.4473684210526316,0.02631578947368421,0.13157894736842105
2001/02,Derby,19,5,4,10,20,26,0,2,19,3,2,14,13,37,0,0,38,8,6,24,33,63,-30,0,2,0.21052631578947367,0.0,0.05263157894736842
2001/02,Everton,19,8,4,7,26,23,0,0,19,3,6,10,19,34,0,0,38,11,10,17,45,57,-12,0,0,0.2894736842105263,0.0,0.0
2001/02,Fulham,19,7,7,5,21,16,0,1,19,3,7,9,15,28,0,1,38,10,14,14,36,44,-8,0,2,0.2631578947368421,0.0,0.05263157894736842
2001/02,Ipswich,19,6,4,9,20,24,0,2,19,3,5,11,21,40,0,1,38,9,9,20,41,64,-23,0,3,0.23684210526315788,0.0,0.07894736842105263
2001/02,Leeds,19,9,6,4,31,21,0,1,19,9,6,4,22,16,1,2,38,18,12,8,53,37,16,1,3,0.47368421052631576,0.02631578947368421,0.07894736842105263
2001/02,Leicester,19,3,7,9,15,34,0,3,19,2,6,11,15,30,0,3,38,5,13,20,30,64,-34,0,6,0.13157894736842105,0.0,0.15789473684210525
2001/02,Liverpool,19,12,5,2,33,14,0,1,19,12,3,4,34,16,0,1,38,24,8,6,67,30,37,0,2,0.631578947368421,0.0,0.05263157894736842
2001/02,Man United,19,11,2,6,40,17,0,0,19,13,3,3,47,28,1,2,38,24,5,9,87,45,42,1,2,0.631578947368421,0.02631578947368421,0.05263157894736842
2001/02,Middlesbrough,19,7,5,7,23,26,0,1,19,5,4,10,12,21,1,2,38,12,9,17,35,47,-12,1,3,0.3157894736842105,0.02631578947368421,0.07894736842105263
2001/02,Newcastle,19,12,3,4,40,23,1,1,19,9,5,5,34,29,2,0,38,21,8,9,74,52,22,3,1,0.5526315789473685,0.07894736842105263,0.02631578947368421
2001/02,Southampton,19,7,5,7,23,22,0,2,19,5,4,10,23,32,1,0,38,12,9,17,46,54,-8,1,2,0.3157894736842105,0.02631578947368421,0.05263157894736842
2001/02,Sunderland,19,7,7,5,18,16,0,1,19,3,3,13,11,35,0,1,38,10,10,18,29,51,-22,0,2,0.2631578947368421,0.0,0.05263157894736842
2001/02,Tottenham,19,10,4,5,32,24,2,2,19,4,4,11,17,29,0,4,38,14,8,16,49,53,-4,2,6,0.3684210526315789,0.05263157894736842,0.15789473684210525
2001/02,West Ham,19,12,4,3,32,14,0,1,19,3,4,12,16,43,0,0,38,15,8,15,48,57,-9,0,1,0.39473684210526316,0.0,0.02631578947368421
2002/03,Arsenal,19,15,2,2,47,20,0,0,19,8,7,4,38,22,1,2,38,23,9,6,85,42,43,1,2,0.6052631578947368,0.02631578947368421,0.05263157894736842
2002/03,Aston Villa,19,11,2,6,25,14,0,0,19,1,7,11,17,33,0,2,38,12,9,17,42,47,-5,0,2,0.3157894736842105,0.0,0.05263157894736842
2002/03,Birmingham,19,8,5,6,25,23,1,0,19,5,4,10,16,26,0,0,38,13,9,16,41,49,-8,1,0,0.34210526315789475,0.02631578947368421,0.0
2002/03,Blackburn,19,9,7,3,24,15,0,3,19,7,5,7,28,28,0,2,38,16,12,10,52,43,9,0,5,0.42105263157894735,0.0,0.13157894736842105
2002/03,Bolton,19,7,8,4,27,24,0,1,19,3,6,10,14,27,0,1,38,10,14,14,41,51,-10,0,2,0.2631578947368421,0.0,0.05263157894736842
2002/03,Charlton,19,8,3,8,26,30,0,2,19,6,4,9,19,26,1,3,38,14,7,17,45,56,-11,1,5,0.3684210526315789,0.02631578947368421,0.13157894736842105
2002/03,Chelsea,19,12,5,2,41,15,1,3,19,7,5,7,27,23,3,0,38,19,10,9,68,38,30,4,3,0.5,0.10526315789473684,0.07894736842105263
2002/03,Everton,19,11,5,3,28,19,2,1,19,6,3,10,20,30,0,2,38,17,8,13,48,49,-1,2,3,0.4473684210526316,0.05263157894736842,0.07894736842105263
2002/03,Fulham,19,11,3,5,26,18,2,2,19,2,6,11,15,32,0,0,38,13,9,16,41,50,-9,2,2,0.34210526315789475,0.05263157894736842,0.05263157894736842
2002/03,Leeds,19,7,3,9,25,26,0,1,19,7,2,10,33,31,1,1,38,14,5,19,58,57,1,1,2,0.3684210526315789,0.02631578947368421,0.05263157894736842
2002/03,Liverpool,19,9,8,2,30,16,0,3,19,9,2,8,31,25,0,0,38,18,10,10,61,41,20,0,3,0.47368421052631576,0.0,0.07894736842105263
2002/03,Man City,19,9,2,8,28,26,0,0,19,6,4,9,19,28,0,0,38,15,6,17,47,54,-7,0,0,0.39473684210526316,0.0,0.0
2002/03,Man United,19,16,2,1,42,12,1,1,19,9,6,4,32,22,1,3,38,25,8,5,74,34,40,2,4,0.6578947368421053,0.05263157894736842,0.10526315789473684
2002/03,Middlesbrough,19,10,7,2,36,21,0,1,19,3,3,13,12,23,0,1,38,13,10,15,48,44,4,0,2,0.34210526315789475,0.0,0.05263157894736842
2002/03,Newcastle,19,15,2,2,36,17,1,1,19,6,4,9,27,31,0,2,38,21,6,11,63,48,15,1,3,0.5526315789473685,0.02631578947368421,0.07894736842105263
2002/03,Southampton,19,9,8,2,25,16,0,2,19,4,5,10,18,30,0,3,38,13,13,12,43,46,-3,0,5,0.34210526315789475,0.0,0.13157894736842105
2002/03,Sunderland,19,3,2,14,11,31,0,2,19,1,5,13,10,34,0,4,38,4,7,27,21,65,-44,0,6,0.10526315789473684,0.0,0.15789473684210525
2002/03,Tottenham,19,9,4,6,30,29,0,0,19,5,4,10,21,33,0,2,38,14,8,16,51,62,-11,0,2,0.3684210526315789,0.0,0.05263157894736842
2002/03,West Brom,19,3,5,11,17,34,0,2,19,3,3,13,12,31,0,1,38,6,8,24,29,65,-36,0,3,0.15789473684210525,0.0,0.07894736842105263
2002/03,West Ham,19,5,7,7,21,24,1,3,19,5,5,9,21,35,0,0,38,10,12,16,42,59,-17,1,3,0.2631578947368421,0.02631578947368421,0.07894736842105263
2003/04,Arsenal,16,12,4,0,29,11,1,0,17,10,7,0,32,12,1,2,33,22,11,0,61,23,38,2,2,0.6666666666666666,0.06060606060606061,0.06060606060606061
2003/04,Aston Villa,16,8,5,3,20,14,0,1,18,6,4,8,22,23,0,1,34,14,9,11,42,37,5,0,2,0.4117647058823529,0.0,0.058823529411764705
2003/04,Birmingham,18,8,5,5,25,22,1,1,16,4,7,5,14,19,0,0,34,12,12,10,39,41,-2,1,1,0.35294117647058826,0.029411764705882353,0.029411764705882353
2003/04,Blackburn,16,4,3,9,22,28,0,1,17,6,4,7,22,21,0,1,33,10,7,16,44,49,-5,0,2,0.30303030303030304,0.0,0.06060606060606061
2003/04,Bolton,16,5,7,4,20,17,1,2,18,7,3,8,22,34,2,0,34,12,10,12,42,51,-9,3,2,0.35294117647058826,0.08823529411764706,0.058823529411764705
2003/04,Charlton,16,6,4,6,25,26,0,0,18,6,5,7,21,22,1,0,34,12,9,13,46,48,-2,1,0,0.35294117647058826,0.029411764705882353,0.0
2003/04,Chelsea,16,11,2,3,33,13,0,0,17,11,3,3,30,14,0,1,33,22,5,6,63,27,36,0,1,0.6666666666666666,0.0,0.030303030303030304
2003/04,Everton,18,7,5,6,24,19,0,0,16,1,5,10,16,31,0,2,34,8,10,16,40,50,-10,0,2,0.23529411764705882,0.0,0.058823529411764705
2003/04,Fulham,17,9,4,4,26,16,0,1,16,3,5,8,19,25,0,0,33,12,9,12,45,41,4,0,1,0.36363636363636365,0.0,0.030303030303030304
2003/04,Leeds,17,4,6,7,21,28,0,2,16,2,2,12,13,41,0,2,33,6,8,19,34,69,-35,0,4,0.18181818181818182,0.0,0.12121212121212122
2003/04,Leicester,18,3,10,5,19,26,0,3,15,3,5,7,26,30,0,2,33,6,15,12,45,56,-11,0,5,0.18181818181818182,0.0,0.15151515151515152
2003/04,Liverpool,15,9,2,4,24,13,0,0,18,6,8,4,24,18,0,2,33,15,10,8,48,31,17,0,2,0.45454545454545453,0.0,0.06060606060606061
2003/04,Man City,16,4,8,4,22,17,1,3,17,4,3,10,22,28,0,3,33,8,11,14,44,45,-1,1,6,0.24242424242424243,0.030303030303030304,0.18181818181818182
2003/04,Man United,18,11,4,3,36,15,0,0,16,9,2,5,23,18,1,1,34,20,6,8,59,33,26,1,1,0.5882352941176471,0.029411764705882353,0.029411764705882353
2003/04,Middlesbrough,18,7,4,7,22,22,0,1,17,5,4,8,18,24,0,1,35,12,8,15,40,46,-6,0,2,0.34285714285714286,0.0,0.05714285714285714
2003/04,Newcastle,17,11,3,3,32,13,1,1,17,2,10,5,15,22,1,2,34,13,13,8,47,35,12,2,3,0.38235294117647056,0.058823529411764705,0.08823529411764706
2003/04,Portsmouth,16,7,4,5,26,17,1,2,18,2,4,12,11,34,0,1,34,9,8,17,37,51,-14,1,3,0.2647058823529412,0.029411764705882353,0.08823529411764706
2003/04,Southampton,18,8,5,5,21,14,0,1,15,2,5,8,11,21,0,1,33,10,10,13,32,35,-3,0,2,0.30303030303030304,0.0,0.06060606060606061
2003/04,Tottenham,17,9,3,5,32,25,0,1,16,3,2,11,11,25,1,1,33,12,5,16,43,50,-7,1,2,0.36363636363636365,0.030303030303030304,0.06060606060606061
2003/04,Wolves,16,7,5,4,21,27,2,0,17,0,5,12,11,38,0,1,33,7,10,16,32,65,-33,2,1,0.21212121212121213,0.06060606060606061,0.030303030303030304
2004/05,Arsenal,16,10,5,1,43,18,0,3,17,11,3,3,30,15,0,1,33,21,8,4,73,33,40,0,4,0.6363636363636364,0.0,0.12121212121212122
2004/05,Aston Villa,17,8,5,4,24,14,1,1,17,4,5,8,17,28,1,0,34,12,10,12,41,42,-1,2,1,0.35294117647058826,0.058823529411764705,0.029411764705882353
2004/05,Birmingham,17,6,6,5,20,13,0,1,17,3,5,9,15,29,0,1,34,9,11,14,35,42,-7,0,2,0.2647058823529412,0.0,0.058823529411764705
2004/05,Blackburn,17,5,7,5,20,19,0,2,16,4,5,7,9,18,0,0,33,9,12,12,29,37,-8,0,2,0.2727272727272727,0.0,0.06060606060606061
2004/05,Bolton,17,8,5,4,22,14,0,2,17,7,3,7,22,24,0,1,34,15,8,11,44,38,6,0,3,0.4411764705882353,0.0,0.08823529411764706
2004/05,Charlton,17,8,3,6,27,23,0,1,17,4,6,7,13,27,0,1,34,12,9,13,40,50,-10,0,2,0.35294117647058826,0.0,0.058823529411764705
2004/05,Chelsea,17,12,5,0,31,5,0,1,16,13,2,1,31,7,0,0,33,25,7,1,62,12,50,0,1,0.7575757575757576,0.0,0.030303030303030304
2004/05,Crystal Palace,17,5,4,8,18,17,0,0,17,1,5,11,18,41,0,0,34,6,9,19,36,58,-22,0,0,0.17647058823529413,0.0,0.0
2004/05,Everton,17,11,1,5,21,14,0,0,16,6,5,5,19,19,0,0,33,17,6,10,40,33,7,0,0,0.5151515151515151,0.0,0.0
2004/05,Fulham,16,6,4,6,20,23,1,1,17,3,4,10,19,30,0,0,33,9,8,16,39,53,-14,1,1,0.2727272727272727,0.030303030303030304,0.030303030303030304
2004/05,Liverpool,17,11,3,3,28,13,1,0,17,5,3,9,20,22,2,1,34,16,6,12,48,35,13,3,1,0.47058823529411764,0.08823529411764706,0.029411764705882353
2004/05,Man City,17,7,5,5,21,13,0,4,17,4,6,7,21,24,0,4,34,11,11,12,42,37,5,0,8,0.3235294117647059,0.0,0.23529411764705882
2004/05,Man United,16,11,5,0,27,7,0,0,17,8,5,4,21,13,1,2,33,19,10,4,48,20,28,1,2,0.5757575757575758,0.030303030303030304,0.06060606060606061
2004/05,Middlesbrough,17,7,6,4,24,19,0,1,16,5,4,7,22,25,0,1,33,12,10,11,46,44,2,0,2,0.36363636363636365,0.0,0.06060606060606061
2004/05,Newcastle,16,7,4,5,24,24,0,2,16,2,7,7,18,27,0,5,32,9,11,12,42,51,-9,0,7,0.28125,0.0,0.21875
2004/05,Norwich,17,5,5,7,27,32,1,1,17,0,7,10,10,35,0,1,34,5,12,17,37,67,-30,1,2,0.14705882352941177,0.029411764705882353,0.058823529411764705
2004/05,Portsmouth,17,7,3,7,25,24,1,0,17,2,5,10,13,29,0,3,34,9,8,17,38,53,-15,1,3,0.2647058823529412,0.029411764705882353,0.08823529411764706
2004/05,Southampton,17,4,9,4,25,25,0,2,17,1,4,12,12,30,0,0,34,5,13,16,37,55,-18,0,2,0.14705882352941177,0.0,0.058823529411764705
2004/05,Tottenham,17,8,4,5,31,21,0,0,17,5,5,7,11,17,0,0,34,13,9,12,42,38,4,0,0,0.38235294117647056,0.0,0.0
2004/05,West Brom,16,4,7,5,14,21,0,0,17,1,7,9,18,32,0,5,33,5,14,14,32,53,-21,0,5,0.15151515151515152,0.0,0.15151515151515152
2005/06,Arsenal,19,14,3,2,48,13,0,0,19,6,4,9,20,18,0,1,38,20,7,11,68,31,37,0,1,0.5263157894736842,0.0,0.02631578947368421
2005/06,Aston Villa,19,6,6,7,20,20,0,2,19,4,6,9,22,35,0,0,38,10,12,16,42,55,-13,0,2,0.2631578947368421,0.0,0.05263157894736842
2005/06,Birmingham,19,6,5,8,19,20,0,0,19,2,5,12,9,30,0,0,38,8,10,20,28,50,-22,0,0,0.21052631578947367,0.0,0.0
2005/06,Blackburn,19,13,3,3,31,17,1,0,19,6,3,10,20,25,0,1,38,19,6,13,51,42,9,1,1,0.5,0.02631578947368421,0.02631578947368421
2005/06,Bolton,19,11,5,3,29,13,0,1,19,4,6,9,20,28,0,2,38,15,11,12,49,41,8,0,3,0.39473684210526316,0.0,0.07894736842105263
2005/06,Charlton,19,8,4,7,22,21,1,1,19,5,4,10,19,34,1,0,38,13,8,17,41,55,-14,2,1,0.34210526315789475,0.05263157894736842,0.02631578947368421
2005/06,Chelsea,19,18,1,0,47,9,1,1,19,11,3,5,25,13,0,1,38,29,4,5,72,22,50,1,2,0.7631578947368421,0.02631578947368421,0.05263157894736842
2005/06,Everton,19,8,4,7,22,22,0,2,19,6,4,9,12,27,0,0,38,14,8,16,34,49,-15,0,2,0.3684210526315789,0.0,0.05263157894736842
2005/06,Fulham,19,13,2,4,31,21,0,1,19,1,4,14,17,37,0,3,38,14,6,18,48,58,-10,0,4,0.3684210526315789,0.0,0.10526315789473684
2005/06,Liverpool,19,15,3,1,32,8,0,0,19,10,4,5,25,17,0,0,38,25,7,6,57,25,32,0,0,0.6578947368421053,0.0,0.0
2005/06,Man City,19,9,2,8,26,20,0,0,19,4,2,13,17,28,0,0,38,13,4,21,43,48,-5,0,0,0.34210526315789475,0.0,0.0
2005/06,Man United,19,13,5,1,37,8,0,2,19,12,3,4,35,26,1,0,38,25,8,5,72,34,38,1,2,0.6578947368421053,0.02631578947368421,0.05263157894736842
2005/06,Middlesbrough,19,7,5,7,28,30,1,1,19,5,4,10,20,28,0,1,38,12,9,17,48,58,-10,1,2,0.3157894736842105,0.02631578947368421,0.05263157894736842
2005/06,Newcastle,19,11,5,3,28,15,0,2,19,6,2,11,19,27,1,0,38,17,7,14,47,42,5,1,2,0.4473684210526316,0.02631578947368421,0.05263157894736842
2005/06,Portsmouth,19,5,7,7,17,24,0,2,19,5,1,13,20,38,2,2,38,10,8,20,37,62,-25,2,4,0.2631578947368421,0.05263157894736842,0.10526315789473684
2005/06,Sunderland,19,1,4,14,12,37,0,4,19,2,2,15,14,32,0,0,38,3,6,29,26,69,-43,0,4,0.07894736842105263,0.0,0.10526315789473684
2005/06,Tottenham,19,12,5,2,31,16,2,2,19,6,6,7,22,22,1,1,38,18,11,9,53,38,15,3,3,0.47368421052631576,0.07894736842105263,0.07894736842105263
2005/06,West Brom,19,6,2,11,21,24,0,0,19,1,7,11,10,34,0,2,38,7,9,22,31,58,-27,0,2,0.18421052631578946,0.0,0.05263157894736842
2005/06,West Ham,19,9,3,7,30,25,1,2,19,7,4,8,22,30,2,1,38,16,7,15,52,55,-3,3,3,0.42105263157894735,0.07894736842105263,0.07894736842105263
2005/06,Wigan,19,7,3,9,24,26,0,2,19,8,3,8,21,26,0,0,38,15,6,17,45,52,-7,0,2,0.39473684210526316,0.0,0.05263157894736842
2006/07,Arsenal,19,12,6,1,43,16,1,1,19,7,5,7,20,19,0,0,38,19,11,8,63,35,28,1,1,0.5,0.02631578947368421,0.02631578947368421
2006/07,Aston Villa,19,7,8,4,20,14,0,0,19,4,9,6,23,27,0,4,38,11,17,10,43,41,2,0,4,0.2894736842105263,0.0,0.10526315789473684
2006/07,Blackburn,19,9,3,7,31,25,0,1,19,6,4,9,21,29,1,3,38,15,7,16,52,54,-2,1,4,0.39473684210526316,0.02631578947368421,0.10526315789473684
2006/07,Bolton,19,9,5,5,26,20,0,0,19,7,3,9,21,32,1,1,38,16,8,14,47,52,-5,1,1,0.42105263157894735,0.02631578947368421,0.02631578947368421
2006/07,Charlton,19,7,5,7,19,20,1,1,19,1,5,13,15,40,0,3,38,8,10,20,34,60,-26,1,4,0.21052631578947367,0.02631578947368421,0.10526315789473684
2006/07,Chelsea,19,12,7,0,37,11,0,2,19,12,4,3,27,13,1,1,38,24,11,3,64,24,40,1,3,0.631578947368421,0.02631578947368421,0.07894736842105263
2006/07,Everton,19,11,4,4,33,17,0,3,19,4,9,6,19,19,0,2,38,15,13,10,52,36,16,0,5,0.39473684210526316,0.0,0.13157894736842105
2006/07,Fulham,19,7,7,5,18,18,0,1,19,1,8,10,20,42,0,0,38,8,15,15,38,60,-22,0,1,0.21052631578947367,0.0,0.02631578947368421
2006/07,Liverpool,19,14,4,1,39,7,0,0,19,6,4,9,18,20,0,0,38,20,8,10,57,27,30,0,0,0.5263157894736842,0.0,0.0
2006/07,Man City,19,5,6,8,10,16,0,0,19,6,3,10,19,28,0,0,38,11,9,18,29,44,-15,0,0,0.2894736842105263,0.0,0.0
2006/07,Man United,19,15,2,2,46,12,1,1,19,13,3,3,37,15,2,0,38,28,5,5,83,27,56,3,1,0.7368421052631579,0.07894736842105263,0.02631578947368421
2006/07,Middlesbrough,19,10,3,6,31,24,1,0,19,2,7,10,13,25,0,1,38,12,10,16,44,49,-5,1,1,0.3157894736842105,0.02631578947368421,0.02631578947368421
2006/07,Newcastle,19,7,7,5,23,20,1,1,19,4,3,12,15,27,0,2,38,11,10,17,38,47,-9,1,3,0.2894736842105263,0.02631578947368421,0.07894736842105263
2006/07,Portsmouth,19,11,5,3,28,15,1,1,19,3,7,9,17,27,0,2,38,14,12,12,45,42,3,1,3,0.3684210526315789,0.02631578947368421,0.07894736842105263
2006/07,Reading,19,11,2,6,29,20,0,1,19,5,5,9,23,27,0,2,38,16,7,15,52,47,5,0,3,0.42105263157894735,0.0,0.07894736842105263
2006/07,Sheffield United,19,7,6,6,24,21,1,1,19,3,2,14,8,34,0,1,38,10,8,20,32,55,-23,1,2,0.2631578947368421,0.02631578947368421,0.05263157894736842
2006/07,Tottenham,19,12,3,4,34,22,0,1,19,5,6,8,23,32,1,0,38,17,9,12,57,54,3,1,1,0.4473684210526316,0.02631578947368421,0.02631578947368421
2006/07,Watford,19,3,9,7,19,25,0,2,19,2,4,13,10,34,0,0,38,5,13,20,29,59,-30,0,2,0.13157894736842105,0.0,0.05263157894736842
2006/07,West Ham,19,8,2,9,24,26,1,1,19,4,3,12,11,33,0,1,38,12,5,21,35,59,-24,1,2,0.3157894736842105,0.02631578947368421,0.05263157894736842
2006/07,Wigan,19,5,4,10,18,30,0,2,19,5,4,10,19,29,0,3,38,10,8,20,37,59,-22,0,5,0.2631578947368421,0.0,0.13157894736842105
2007/08,Arsenal,19,14,5,0,37,11,1,1,19,10,6,3,37,20,3,2,38,24,11,3,74,31,43,4,3,0.631578947368421,0.10526315789473684,0.07894736842105263
2007/08,Aston Villa,19,10,3,6,34,22,2,0,19,6,9,4,37,29,1,3,38,16,12,10,71,51,20,3,3,0.42105263157894735,0.07894736842105263,0.07894736842105263
2007/08,Birmingham,19,6,8,5,30,23,0,5,19,2,3,14,16,39,0,0,38,8,11,19,46,62,-16,0,5,0.21052631578947367,0.0,0.13157894736842105
2007/08,Blackburn,19,8,7,4,26,19,0,1,19,7,6,6,24,29,2,1,38,15,13,10,50,48,2,2,2,0.39473684210526316,0.05263157894736842,0.05263157894736842
2007/08,Bolton,19,7,5,7,23,18,0,3,19,2,5,12,13,36,0,1,38,9,10,19,36,54,-18,0,4,0.23684210526315788,0.0,0.10526315789473684
2007/08,Chelsea,19,12,7,0,36,13,0,0,19,13,3,3,29,13,2,1,38,25,10,3,65,26,39,2,1,0.6578947368421053,0.05263157894736842,0.02631578947368421
2007/08,Derby,19,1,5,13,12,43,0,0,19,0,3,16,8,46,0,0,38,1,8,29,20,89,-69,0,0,0.02631578947368421,0.0,0.0
2007/08,Everton,19,11,4,4,34,17,0,3,19,8,4,7,21,16,0,0,38,19,8,11,55,33,22,0,3,0.5,0.0,0.07894736842105263
2007/08,Fulham,19,5,5,9,22,31,0,2,19,3,7,9,16,29,1,5,38,8,12,18,38,60,-22,1,7,0.21052631578947367,0.02631578947368421,0.18421052631578946
2007/08,Liverpool,19,12,6,1,43,13,0,3,19,9,7,3,24,15,1,1,38,21,13,4,67,28,39,1,4,0.5526315789473685,0.02631578947368421,0.10526315789473684
2007/08,Man City,19,11,4,4,28,20,2,2,19,4,6,9,17,33,0,0,38,15,10,13,45,53,-8,2,2,0.39473684210526316,0.05263157894736842,0.05263157894736842
2007/08,Man United,19,17,1,1,47,7,0,0,19,10,5,4,33,15,0,3,38,27,6,5,80,22,58,0,3,0.7105263157894737,0.0,0.07894736842105263
2007/08,Middlesbrough,19,7,5,7,27,23,0,2,19,3,7,9,16,30,1,3,38,10,12,16,43,53,-10,1,5,0.2631578947368421,0.02631578947368421,0.13157894736842105
2007/08,Newcastle,19,8,5,6,25,26,0,0,19,3,5,11,20,39,0,1,38,11,10,17,45,65,-20,0,1,0.2894736842105263,0.0,0.02631578947368421
2007/08,Portsmouth,19,7,8,4,24,14,0,0,19,9,1,9,24,26,0,0,38,16,9,13,48,40,8,0,0,0.42105263157894735,0.0,0.0
2007/08,Reading,19,8,2,9,19,25,0,1,19,2,4,13,22,41,0,0,38,10,6,22,41,66,-25,0,1,0.2631578947368421,0.0,0.02631578947368421
2007/08,Sunderland,19,9,3,7,23,21,0,1,19,2,3,14,13,38,0,0,38,11,6,21,36,59,-23,0,1,0.2894736842105263,0.0,0.02631578947368421
2007/08,Tottenham,19,8,5,6,46,34,0,3,19,3,8,8,20,27,0,3,38,11,13,14,66,61,5,0,6,0.2894736842105263,0.0,0.15789473684210525
2007/08,West Ham,19,7,7,5,24,24,1,3,19,6,3,10,18,26,0,0,38,13,10,15,42,50,-8,1,3,0.34210526315789475,0.02631578947368421,0.07894736842105263
2007/08,Wigan,19,8,5,6,21,17,0,1,19,2,5,12,13,34,0,0,38,10,10,18,34,51,-17,0,1,0.2631578947368421,0.0,0.02631578947368421
2008/09,Arsenal,19,11,5,3,31,16,1,0,19,9,7,3,37,21,2,2,38,20,12,6,68,37,31,3,2,0.5263157894736842,0.07894736842105263,0.05263157894736842
2008/09,Aston Villa,19,7,9,3,27,21,0,2,19,10,2,7,27,27,1,1,38,17,11,10,54,48,6,1,3,0.4473684210526316,0.02631578947368421,0.07894736842105263
2008/09,Blackburn,19,6,7,6,22,23,1,2,19,4,4,11,18,37,1,1,38,10,11,17,40,60,-20,2,3,0.2631578947368421,0.05263157894736842,0.07894736842105263
2008/09,Bolton,19,7,5,7,21,21,0,1,19,4,3,12,20,32,0,1,38,11,8,19,41,53,-12,0,2,0.2894736842105263,0.0,0.05263157894736842
2008/09,Chelsea,19,11,6,2,33,12,0,1,19,14,2,3,35,12,0,0,38,25,8,5,68,24,44,0,1,0.6578947368421053,0.0,0.02631578947368421
2008/09,Everton,19,8,6,5,31,20,0,1,19,9,6,4,24,17,0,2,38,17,12,9,55,37,18,0,3,0.4473684210526316,0.0,0.07894736842105263
2008/09,Fulham,19,11,3,5,28,16,0,2,19,3,8,8,11,18,1,0,38,14,11,13,39,34,5,1,2,0.3684210526315789,0.02631578947368421,0.05263157894736842
2008/09,Hull,19,3,5,11,18,36,0,2,19,5,6,8,21,28,0,1,38,8,11,19,39,64,-25,0,3,0.21052631578947367,0.0,0.07894736842105263
2008/09,Liverpool,19,12,7,0,41,13,1,0,19,13,4,2,36,14,1,2,38,25,11,2,77,27,50,2,2,0.6578947368421053,0.05263157894736842,0.05263157894736842
2008/09,Man City,19,13,0,6,40,18,0,2,19,2,5,12,18,32,0,1,38,15,5,18,58,50,8,0,3,0.39473684210526316,0.0,0.07894736842105263
2008/09,Man United,19,16,2,1,43,13,1,0,19,12,4,3,25,11,1,2,38,28,6,4,68,24,44,2,2,0.7368421052631579,0.05263157894736842,0.05263157894736842
2008/09,Middlesbrough,19,5,9,5,17,20,0,2,19,2,2,15,11,37,0,2,38,7,11,20,28,57,-29,0,4,0.18421052631578946,0.0,0.10526315789473684
2008/09,Newcastle,19,5,7,7,24,29,0,1,19,2,6,11,16,30,0,0,38,7,13,18,40,59,-19,0,1,0.18421052631578946,0.0,0.02631578947368421
2008/09,Portsmouth,19,8,3,8,26,29,1,2,19,2,8,9,12,28,1,1,38,10,11,17,38,57,-19,2,3,0.2631578947368421,0.05263157894736842,0.07894736842105263
2008/09,Stoke,19,10,5,4,22,15,0,1,19,2,4,13,16,40,0,1,38,12,9,17,38,55,-17,0,2,0.3157894736842105,0.0,0.05263157894736842
2008/09,Sunderland,19,6,3,10,21,25,0,3,19,3,6,10,13,29,1,2,38,9,9,20,34,54,-20,1,5,0.23684210526315788,0.02631578947368421,0.13157894736842105
2008/09,Tottenham,19,10,5,4,21,10,1,0,19,4,4,11,24,35,0,2,38,14,9,15,45,45,0,1,2,0.3684210526315789,0.02631578947368421,0.05263157894736842
2008/09,West Brom,19,7,3,9,26,33,0,1,19,1,5,13,10,34,0,0,38,8,8,22,36,67,-31,0,1,0.21052631578947367,0.0,0.02631578947368421
2008/09,West Ham,19,9,2,8,23,22,1,0,19,5,7,7,19,23,0,3,38,14,9,15,42,45,-3,1,3,0.3684210526315789,0.02631578947368421,0.07894736842105263
2008/09,Wigan,19,8,5,6,17,18,0,2,19,4,4,11,17,27,0,2,38,12,9,17,34,45,-11,0,4,0.3157894736842105,0.0,0.10526315789473684
2009/10,Arsenal,19,15,2,2,48,15,1,0,19,8,4,7,35,26,1,3,38,23,6,9,83,41,42,2,3,0.6052631578947368,0.05263157894736842,0.07894736842105263
2009/10,Aston Villa,19,8,8,3,29,16,0,2,19,9,5,5,23,23,0,0,38,17,13,8,52,39,13,0,2,0.4473684210526316,0.0,0.05263157894736842
2009/10,Birmingham,19,8,9,2,19,13,1,1,19,5,2,12,19,34,1,2,38,13,11,14,38,47,-9,2,3,0.34210526315789475,0.05263157894736842,0.07894736842105263
2009/10,Blackburn,19,10,6,3,28,18,1,0,19,3,5,11,13,37,0,2,38,13,11,14,41,55,-14,1,2,0.34210526315789475,0.02631578947368421,0.05263157894736842
2009/10,Bolton,19,6,6,7,26,31,0,2,19,4,3,12,16,36,1,3,38,10,9,19,42,67,-25,1,5,0.2631578947368421,0.02631578947368421,0.13157894736842105
2009/10,Burnley,19,7,5,7,25,30,1,1,19,1,1,17,17,52,0,1,38,8,6,24,42,82,-40,1,2,0.21052631578947367,0.02631578947368421,0.05263157894736842
2009/10,Chelsea,19,17,1,1,68,14,1,0,19,10,4,5,35,18,1,1,38,27,5,6,103,32,71,2,1,0.7105263157894737,0.05263157894736842,0.02631578947368421
2009/10,Everton,19,11,6,2,35,21,1,2,19,5,7,7,25,28,0,3,38,16,13,9,60,49,11,1,5,0.42105263157894735,0.02631578947368421,0.13157894736842105
2009/10,Fulham,19,11,3,5,27,15,3,0,19,1,7,11,12,31,0,2,38,12,10,16,39,46,-7,3,2,0.3157894736842105,0.07894736842105263,0.05263157894736842
2009/10,Hull,19,6,6,7,22,29,1,2,19,0,6,13,12,46,0,1,38,6,12,20,34,75,-41,1,3,0.15789473684210525,0.02631578947368421,0.07894736842105263
2009/10,Liverpool,19,13,3,3,43,15,0,1,19,5,6,8,18,20,0,0,38,18,9,11,61,35,26,0,1,0.47368421052631576,0.0,0.02631578947368421
2009/10,Man City,19,12,4,3,41,20,0,1,19,6,9,4,32,25,0,0,38,18,13,7,73,45,28,0,1,0.47368421052631576,0.0,0.02631578947368421
2009/10,Man United,19,16,1,2,52,12,1,0,19,11,3,5,34,16,0,0,38,27,4,7,86,28,58,1,0,0.7105263157894737,0.02631578947368421,0.0
2009/10,Portsmouth,19,5,3,11,24,32,0,1,19,2,4,13,10,34,0,1,38,7,7,24,34,66,-32,0,2,0.18421052631578946,0.0,0.05263157894736842
2009/10,Stoke,19,7,6,6,24,21,0,2,19,4,8,7,10,27,1,2,38,11,14,13,34,48,-14,1,4,0.2894736842105263,0.02631578947368421,0.10526315789473684
2009/10,Sunderland,19,9,7,3,32,19,0,4,19,2,4,13,16,37,0,2,38,11,11,16,48,56,-8,0,6,0.2894736842105263,0.0,0.15789473684210525
2009/10,Tottenham,19,14,2,3,40,12,0,0,19,7,5,7,27,29,0,1,38,21,7,10,67,41,26,0,1,0.5526315789473685,0.0,0.02631578947368421
2009/10,West Ham,19,7,5,7,30,29,0,2,19,1,6,12,17,37,0,1,38,8,11,19,47,66,-19,0,3,0.21052631578947367,0.0,0.07894736842105263
2009/10,Wigan,19,6,7,6,19,24,1,3,19,3,2,14,18,55,0,2,38,9,9,20,37,79,-42,1,5,0.23684210526315788,0.02631578947368421,0.13157894736842105
2009/10,Wolves,19,5,6,8,13,22,0,0,19,4,5,10,19,34,0,2,38,9,11,18,32,56,-24,0,2,0.23684210526315788,0.0,0.05263157894736842
2010/11,Arsenal,19,11,4,4,33,15,1,1,19,8,7,4,39,28,0,4,38,19,11,8,72,43,29,1,5,0.5,0.02631578947368421,0.13157894736842105
2010/11,Aston Villa,19,8,7,4,26,19,0,1,19,4,5,10,22,40,0,3,38,12,12,14,48,59,-11,0,4,0.3157894736842105,0.0,0.10526315789473684
2010/11,Birmingham,19,6,8,5,19,22,0,0,19,2,7,10,18,36,0,3,38,8,15,15,37,58,-21,0,3,0.21052631578947367,0.0,0.07894736842105263
2010/11,Blackburn,19,7,7,5,22,16,0,2,19,4,3,12,24,43,0,2,38,11,10,17,46,59,-13,0,4,0.2894736842105263,0.0,0.10526315789473684
2010/11,Blackpool,19,5,5,9,30,37,0,1,19,5,4,10,25,41,0,2,38,10,9,19,55,78,-23,0,3,0.2631578947368421,0.0,0.07894736842105263
2010/11,Bolton,19,10,5,4,34,24,0,0,19,2,5,12,18,32,0,1,38,12,10,16,52,56,-4,0,1,0.3157894736842105,0.0,0.02631578947368421
2010/11,Chelsea,19,14,3,2,39,13,1,1,19,7,5,7,30,20,0,0,38,21,8,9,69,33,36,1,1,0.5526315789473685,0.02631578947368421,0.02631578947368421
2010/11,Everton,19,9,7,3,31,23,1,2,19,4,8,7,20,22,0,1,38,13,15,10,51,45,6,1,3,0.34210526315789475,0.02631578947368421,0.07894736842105263
2010/11,Fulham,19,8,7,4,30,23,1,0,19,3,9,7,19,20,0,2,38,11,16,11,49,43,6,1,2,0.2894736842105263,0.02631578947368421,0.05263157894736842
2010/11,Liverpool,19,12,4,3,37,14,1,2,19,5,3,11,22,30,0,2,38,17,7,14,59,44,15,1,4,0.4473684210526316,0.02631578947368421,0.10526315789473684
2010/11,Man City,19,13,4,2,34,12,0,1,19,8,4,7,26,21,0,2,38,21,8,9,60,33,27,0,3,0.5526315789473685,0.0,0.07894736842105263
2010/11,Man United,19,18,1,0,49,12,0,1,19,5,10,4,29,25,2,2,38,23,11,4,78,37,41,2,3,0.6052631578947368,0.05263157894736842,0.07894736842105263
2010/11,Newcastle,19,6,8,5,41,27,0,2,19,5,5,9,15,30,0,0,38,11,13,14,56,57,-1,0,2,0.2894736842105263,0.0,0.05263157894736842
2010/11,Stoke,19,10,4,5,31,18,1,0,19,3,3,13,15,30,1,0,38,13,7,18,46,48,-2,2,0,0.34210526315789475,0.05263157894736842,0.0
2010/11,Sunderland,19,7,5,7,25,27,0,2,19,5,6,8,20,29,0,0,38,12,11,15,45,56,-11,0,2,0.3157894736842105,0.0,0.05263157894736842
2010/11,Tottenham,19,9,9,1,30,19,2,1,19,7,5,7,25,27,1,1,38,16,14,8,55,46,9,3,2,0.42105263157894735,0.07894736842105263,0.05263157894736842
2010/11,West Brom,19,8,6,5,30,30,2,2,19,4,5,10,26,41,1,0,38,12,11,15,56,71,-15,3,2,0.3157894736842105,0.07894736842105263,0.05263157894736842
2010/11,West Ham,19,5,5,9,24,31,0,1,19,2,7,10,19,39,0,3,38,7,12,19,43,70,-27,0,4,0.18421052631578946,0.0,0.10526315789473684
2010/11,Wigan,19,5,8,6,22,34,1,1,19,4,7,8,18,27,0,2,38,9,15,14,40,61,-21,1,3,0.23684210526315788,0.02631578947368421,0.07894736842105263
2010/11,Wolves,19,8,4,7,30,30,0,3,19,3,3,13,16,36,0,3,38,11,7,20,46,66,-20,0,6,0.2894736842105263,0.0,0.15789473684210525
2011/12,Arsenal,19,12,4,3,39,17,0,0,19,9,3,7,35,32,1,2,38,21,7,10,74,49,25,1,2,0.5526315789473685,0.02631578947368421,0.05263157894736842
2011/12,Aston Villa,19,4,7,8,20,25,0,3,19,3,10,6,17,28,1,2,38,7,17,14,37,53,-16,1,5,0.18421052631578946,0.02631578947368421,0.13157894736842105
2011/12,Blackburn,19,6,1,12,26,33,1,0,19,2,6,11,22,45,0,3,38,8,7,23,48,78,-30,1,3,0.21052631578947367,0.02631578947368421,0.07894736842105263
2011/12,Bolton,19,4,4,11,23,39,0,2,19,6,2,11,23,38,0,1,38,10,6,22,46,77,-31,0,3,0.2631578947368421,0.0,0.07894736842105263
2011/12,Chelsea,19,12,3,4,41,24,1,2,19,6,7,6,24,22,0,1,38,18,10,10,65,46,19,1,3,0.47368421052631576,0.02631578947368421,0.07894736842105263
2011/12,Everton,19,10,3,6,28,15,0,2,19,5,8,6,22,25,0,1,38,15,11,12,50,40,10,0,3,0.39473684210526316,0.0,0.07894736842105263
2011/12,Fulham,19,10,5,4,36,26,2,0,19,4,5,10,12,25,0,1,38,14,10,14,48,51,-3,2,1,0.3684210526315789,0.05263157894736842,0.02631578947368421
2011/12,Liverpool,19,6,9,4,24,16,0,2,19,8,1,10,23,24,0,0,38,14,10,14,47,40,7,0,2,0.3684210526315789,0.0,0.05263157894736842
2011/12,Man City,19,18,1,0,55,12,0,0,19,10,4,5,38,17,0,1,38,28,5,5,93,29,64,0,1,0.7368421052631579,0.0,0.02631578947368421
2011/12,Man United,19,15,2,2,52,19,0,0,19,13,3,3,37,14,0,1,38,28,5,5,89,33,56,0,1,0.7368421052631579,0.0,0.02631578947368421
2011/12,Newcastle,19,11,5,3,29,17,0,1,19,8,3,8,27,34,0,1,38,19,8,11,56,51,5,0,2,0.5,0.0,0.05263157894736842
2011/12,Norwich,19,7,6,6,28,30,0,2,19,5,5,9,24,36,1,2,38,12,11,15,52,66,-14,1,4,0.3157894736842105,0.02631578947368421,0.10526315789473684
2011/12,QPR,19,7,5,7,24,25,0,2,19,3,2,14,19,41,0,1,38,10,7,21,43,66,-23,0,3,0.2631578947368421,0.0,0.07894736842105263
2011/12,Stoke,19,7,8,4,25,20,0,0,19,4,4,11,11,33,1,0,38,11,12,15,36,53,-17,1,0,0.2894736842105263,0.02631578947368421,0.0
2011/12,Sunderland,19,7,7,5,26,17,1,1,19,4,5,10,19,29,0,2,38,11,12,15,45,46,-1,1,3,0.2894736842105263,0.02631578947368421,0.07894736842105263
2011/12,Swansea,19,8,7,4,27,18,0,4,19,4,4,11,17,33,0,1,38,12,11,15,44,51,-7,0,5,0.3157894736842105,0.0,0.13157894736842105
2011/12,Tottenham,19,13,3,3,39,17,0,0,19,7,6,6,27,24,0,2,38,20,9,9,66,41,25,0,2,0.5263157894736842,0.0,0.05263157894736842
2011/12,West Brom,19,6,3,10,21,22,0,0,19,7,5,7,24,30,0,1,38,13,8,17,45,52,-7,0,1,0.34210526315789475,0.0,0.02631578947368421
2011/12,Wigan,19,5,7,7,22,27,0,1,19,6,3,10,20,35,0,1,38,11,10,17,42,62,-20,0,2,0.2894736842105263,0.0,0.05263157894736842
2011/12,Wolves,19,3,3,13,19,43,0,2,19,2,7,10,21,39,1,1,38,5,10,23,40,82,-42,1,3,0.13157894736842105,0.02631578947368421,0.07894736842105263
2012/13,Arsenal,19,11,5,3,47,23,0,0,19,10,5,4,25,14,0,0,38,21,10,7,72,37,35,0,0,0.5526315789473685,0.0,0.0
2012/13,Aston Villa,19,5,5,9,23,28,0,4,19,5,6,8,24,41,0,4,38,10,11,17,47,69,-22,0,8,0.2631578947368421,0.0,0.21052631578947367
2012/13,Chelsea,19,12,5,2,41,16,2,3,19,10,4,5,34,23,1,3,38,22,9,7,75,39,36,3,6,0.5789473684210527,0.07894736842105263,0.15789473684210525
2012/13,Everton,19,12,6,1,33,17,1,2,19,4,9,6,22,23,1,3,38,16,15,7,55,40,15,2,5,0.42105263157894735,0.05263157894736842,0.13157894736842105
2012/13,Fulham,19,7,3,9,28,30,0,3,19,4,7,8,22,30,0,1,38,11,10,17,50,60,-10,0,4,0.2894736842105263,0.0,0.10526315789473684
2012/13,Liverpool,19,9,6,4,33,16,0,1,19,7,7,5,38,27,2,1,38,16,13,9,71,43,28,2,2,0.42105263157894735,0.05263157894736842,0.05263157894736842
2012/13,Man City,19,14,3,2,41,15,1,1,19,9,6,4,25,19,0,1,38,23,9,6,66,34,32,1,2,0.6052631578947368,0.02631578947368421,0.05263157894736842
2012/13,Man United,19,16,0,3,45,19,1,0,19,12,5,2,41,24,1,2,38,28,5,5,86,43,43,2,2,0.7368421052631579,0.05263157894736842,0.05263157894736842
2012/13,Newcastle,19,9,1,9,24,31,0,1,19,2,7,10,21,37,0,4,38,11,8,19,45,68,-23,0,5,0.2894736842105263,0.0,0.13157894736842105
2012/13,Norwich,19,8,7,4,25,20,1,1,19,2,7,10,16,38,0,0,38,10,14,14,41,58,-17,1,1,0.2631578947368421,0.02631578947368421,0.02631578947368421
2012/13,QPR,19,2,8,9,13,28,0,0,19,2,5,12,17,32,0,2,38,4,13,21,30,60,-30,0,2,0.10526315789473684,0.0,0.05263157894736842
2012/13,Reading,19,4,8,7,23,33,2,1,19,2,2,15,20,40,1,4,38,6,10,22,43,73,-30,3,5,0.15789473684210525,0.07894736842105263,0.13157894736842105
2012/13,Southampton,19,6,7,6,26,24,1,1,19,3,7,9,23,36,0,1,38,9,14,15,49,60,-11,1,2,0.23684210526315788,0.02631578947368421,0.05263157894736842
2012/13,Stoke,19,7,7,5,21,22,0,1,19,2,8,9,13,23,0,3,38,9,15,14,34,45,-11,0,4,0.23684210526315788,0.0,0.10526315789473684
2012/13,Sunderland,19,5,8,6,20,19,0,2,19,4,4,11,21,35,0,4,38,9,12,17,41,54,-13,0,6,0.23684210526315788,0.0,0.15789473684210525
2012/13,Swansea,19,6,8,5,28,26,0,0,19,5,5,9,19,25,1,0,38,11,13,14,47,51,-4,1,0,0.2894736842105263,0.02631578947368421,0.0
2012/13,Tottenham,19,11,5,3,29,18,2,0,19,10,4,5,37,28,1,1,38,21,9,8,66,46,20,3,1,0.5526315789473685,0.07894736842105263,0.02631578947368421
2012/13,West Brom,19,9,4,6,32,25,0,0,19,5,3,11,21,32,0,1,38,14,7,17,53,57,-4,0,1,0.3684210526315789,0.0,0.02631578947368421
2012/13,West Ham,19,9,6,4,34,22,1,2,19,3,4,12,11,31,0,0,38,12,10,16,45,53,-8,1,2,0.3157894736842105,0.02631578947368421,0.05263157894736842
2012/13,Wigan,19,4,6,9,26,39,1,4,19,5,3,11,21,34,0,0,38,9,9,20,47,73,-26,1,4,0.23684210526315788,0.02631578947368421,0.10526315789473684
2013/14,Arsenal,19,13,5,1,36,11,0,0,19,11,2,6,32,30,0,0,38,24,7,7,68,41,27,0,0,0.631578947368421,0.0,0.0
2013/14,Aston Villa,19,6,3,10,22,29,1,0,19,4,5,10,17,32,0,2,38,10,8,20,39,61,-22,1,2,0.2631578947368421,0.02631578947368421,0.05263157894736842
2013/14,Cardiff,19,5,5,9,20,35,1,2,19,2,4,13,12,39,0,0,38,7,9,22,32,74,-42,1,2,0.18421052631578946,0.02631578947368421,0.05263157894736842
2013/14,Chelsea,19,15,3,1,43,11,1,1,19,10,4,5,28,16,1,1,38,25,7,6,71,27,44,2,2,0.6578947368421053,0.05263157894736842,0.05263157894736842
2013/14,Crystal Palace,19,8,3,8,18,23,0,0,19,5,3,11,15,25,0,2,38,13,6,19,33,48,-15,0,2,0.34210526315789475,0.0,0.05263157894736842
2013/14,Everton,19,13,3,3,38,19,1,0,19,8,6,5,23,20,1,1,38,21,9,8,61,39,22,2,1,0.5526315789473685,0.05263157894736842,0.02631578947368421
2013/14,Fulham,19,5,3,11,24,38,0,1,19,4,2,13,16,47,0,2,38,9,5,24,40,85,-45,0,3,0.23684210526315788,0.0,0.07894736842105263
2013/14,Hull,19,7,4,8,20,21,0,2,19,3,3,13,18,32,1,2,38,10,7,21,38,53,-15,1,4,0.2631578947368421,0.02631578947368421,0.10526315789473684
2013/14,Liverpool,19,16,1,2,53,18,1,0,19,10,5,4,48,32,0,4,38,26,6,6,101,50,51,1,4,0.6842105263157895,0.02631578947368421,0.10526315789473684
2013/14,Man City,19,17,1,1,63,13,0,1,19,10,4,5,39,24,0,2,38,27,5,6,102,37,65,0,3,0.7105263157894737,0.0,0.07894736842105263
2013/14,Man United,19,9,3,7,29,21,1,1,19,10,4,5,35,22,1,1,38,19,7,12,64,43,21,2,2,0.5,0.05263157894736842,0.05263157894736842
2013/14,Newcastle,19,8,3,8,23,28,0,2,19,7,1,11,20,31,0,1,38,15,4,19,43,59,-16,0,3,0.39473684210526316,0.0,0.07894736842105263
2013/14,Norwich,19,6,6,7,17,18,1,0,19,2,3,14,11,44,0,1,38,8,9,21,28,62,-34,1,1,0.21052631578947367,0.02631578947368421,0.02631578947368421
2013/14,Southampton,19,8,6,5,32,23,0,2,19,7,5,7,22,23,0,3,38,15,11,12,54,46,8,0,5,0.39473684210526316,0.0,0.13157894736842105
2013/14,Stoke,19,10,6,3,27,17,1,1,19,3,5,11,18,35,0,3,38,13,11,14,45,52,-7,1,4,0.34210526315789475,0.02631578947368421,0.10526315789473684
2013/14,Sunderland,19,5,3,11,21,27,0,1,19,5,5,9,20,33,0,1,38,10,8,20,41,60,-19,0,2,0.2631578947368421,0.0,0.05263157894736842
2013/14,Swansea,19,6,5,8,33,26,0,2,19,5,4,10,21,28,0,1,38,11,9,18,54,54,0,0,3,0.2894736842105263,0.0,0.07894736842105263
2013/14,Tottenham,19,11,3,5,30,23,1,1,19,10,3,6,25,28,0,0,38,21,6,11,55,51,4,1,1,0.5526315789473685,0.02631578947368421,0.02631578947368421
2013/14,West Brom,19,4,9,6,24,27,0,4,19,3,6,10,19,32,1,1,38,7,15,16,43,59,-16,1,5,0.18421052631578946,0.02631578947368421,0.13157894736842105
2013/14,West Ham,19,7,3,9,25,26,0,1,19,4,4,11,15,25,0,1,38,11,7,20,40,51,-11,0,2,0.2894736842105263,0.0,0.05263157894736842
2014/15,Arsenal,19,12,5,2,41,14,0,0,19,10,4,5,30,22,0,1,38,22,9,7,71,36,35,0,1,0.5789473684210527,0.0,0.02631578947368421
2014/15,Aston Villa,19,5,6,8,18,25,0,4,19,5,2,12,13,32,0,1,38,10,8,20,31,57,-26,0,5,0.2631578947368421,0.0,0.13157894736842105
2014/15,Burnley,19,4,7,8,14,21,0,3,19,3,5,11,14,32,0,0,38,7,12,19,28,53,-25,0,3,0.18421052631578946,0.0,0.07894736842105263
2014/15,Chelsea,19,15,4,0,36,9,0,1,19,11,5,3,37,23,1,0,38,26,9,3,73,32,41,1,1,0.6842105263157895,0.02631578947368421,0.02631578947368421
2014/15,Crystal Palace,19,6,3,10,21,27,0,0,19,7,6,6,26,24,1,1,38,13,9,16,47,51,-4,1,1,0.34210526315789475,0.02631578947368421,0.02631578947368421
2014/15,Everton,19,7,7,5,27,21,0,2,19,5,4,10,21,29,0,2,38,12,11,15,48,50,-2,0,4,0.3157894736842105,0.0,0.10526315789473684
2014/15,Hull,19,5,5,9,19,24,0,4,19,3,6,10,14,27,0,1,38,8,11,19,33,51,-18,0,5,0.21052631578947367,0.0,0.13157894736842105
2014/15,Leicester,19,7,5,7,28,22,1,2,19,4,3,12,18,33,1,0,38,11,8,19,46,55,-9,2,2,0.2894736842105263,0.05263157894736842,0.05263157894736842
2014/15,Liverpool,19,10,5,4,30,20,0,1,19,8,3,8,22,28,0,0,38,18,8,12,52,48,4,0,1,0.47368421052631576,0.0,0.02631578947368421
2014/15,Man City,19,14,3,2,44,14,0,1,19,10,4,5,39,24,0,1,38,24,7,7,83,38,45,0,2,0.631578947368421,0.0,0.05263157894736842
2014/15,Man United,19,14,2,3,41,15,0,1,19,6,8,5,21,22,0,1,38,20,10,8,62,37,25,0,2,0.5263157894736842,0.0,0.05263157894736842
2014/15,Newcastle,19,7,5,7,26,27,0,1,19,3,4,12,14,36,1,2,38,10,9,19,40,63,-23,1,3,0.2631578947368421,0.02631578947368421,0.07894736842105263
2014/15,QPR,19,6,5,8,23,24,2,1,19,2,1,16,19,49,0,0,38,8,6,24,42,73,-31,2,1,0.21052631578947367,0.05263157894736842,0.02631578947368421
2014/15,Southampton,19,11,4,4,37,13,0,0,19,7,2,10,17,20,0,1,38,18,6,14,54,33,21,0,1,0.47368421052631576,0.0,0.02631578947368421
2014/15,Stoke,19,10,3,6,32,22,1,1,19,5,6,8,16,23,0,0,38,15,9,14,48,45,3,1,1,0.39473684210526316,0.02631578947368421,0.02631578947368421
2014/15,Sunderland,19,4,8,7,16,27,0,0,19,3,9,7,15,26,0,1,38,7,17,14,31,53,-22,0,1,0.18421052631578946,0.0,0.02631578947368421
2014/15,Swansea,19,9,5,5,27,22,0,0,19,7,3,9,19,27,0,0,38,16,8,14,46,49,-3,0,0,0.42105263157894735,0.0,0.0
2014/15,Tottenham,19,10,3,6,31,24,1,1,19,9,4,6,27,29,2,0,38,19,7,12,58,53,5,3,1,0.5,0.07894736842105263,0.02631578947368421
2014/15,West Brom,19,7,4,8,24,26,0,2,19,4,7,8,14,25,0,1,38,11,11,16,38,51,-13,0,3,0.2894736842105263,0.0,0.07894736842105263
2014/15,West Ham,19,9,4,6,25,18,0,1,19,3,7,9,19,29,0,2,38,12,11,15,44,47,-3,0,3,0.3157894736842105,0.0,0.07894736842105263
2015/16,Arsenal,19,12,4,3,31,11,1,1,19,8,7,4,34,25,0,1,38,20,11,7,65,36,29,1,2,0.5263157894736842,0.02631578947368421,0.05263157894736842
2015/16,Aston Villa,19,2,5,12,14,35,0,1,19,1,3,15,13,41,0,2,38,3,8,27,27,76,-49,0,3,0.07894736842105263,0.0,0.07894736842105263
2015/16,Bournemouth,19,5,5,9,23,34,0,2,19,6,4,9,22,33,0,0,38,11,9,18,45,67,-22,0,2,0.2894736842105263,0.0,0.05263157894736842
2015/16,Chelsea,19,5,9,5,32,30,0,2,19,7,5,7,27,23,1,2,38,12,14,12,59,53,6,1,4,0.3157894736842105,0.02631578947368421,0.10526315789473684
2015/16,Crystal Palace,19,6,3,10,19,23,1,1,19,5,6,8,20,28,0,0,38,11,9,18,39,51,-12,1,1,0.2894736842105263,0.02631578947368421,0.02631578947368421
2015/16,Everton,19,6,5,8,35,30,0,1,19,5,9,5,24,25,1,2,38,11,14,13,59,55,4,1,3,0.2894736842105263,0.02631578947368421,0.07894736842105263
2015/16,Leicester,19,12,6,1,35,18,1,2,19,11,6,2,33,18,1,2,38,23,12,3,68,36,32,2,4,0.6052631578947368,0.05263157894736842,0.10526315789473684
2015/16,Liverpool,19,8,8,3,33,22,0,1,19,8,4,7,30,28,1,1,38,16,12,10,63,50,13,1,2,0.42105263157894735,0.02631578947368421,0.05263157894736842
2015/16,Man City,19,12,2,5,47,21,0,0,19,7,7,5,24,20,0,0,38,19,9,10,71,41,30,0,0,0.5,0.0,0.0
2015/16,Man United,19,12,5,2,27,9,0,0,19,7,4,8,22,26,0,1,38,19,9,10,49,35,14,0,1,0.5,0.0,0.02631578947368421
2015/16,Newcastle,19,7,7,5,32,24,0,2,19,2,3,14,12,41,1,0,38,9,10,19,44,65,-21,1,2,0.23684210526315788,0.02631578947368421,0.05263157894736842
2015/16,Norwich,19,6,5,8,26,30,0,1,19,3,2,14,13,37,0,0,38,9,7,22,39,67,-28,0,1,0.23684210526315788,0.0,0.02631578947368421
2015/16,Southampton,19,11,3,5,39,22,1,2,19,7,6,6,20,19,0,1,38,18,9,11,59,41,18,1,3,0.47368421052631576,0.02631578947368421,0.07894736842105263
2015/16,Stoke,19,8,4,7,22,24,1,2,19,6,5,8,19,31,0,1,38,14,9,15,41,55,-14,1,3,0.3684210526315789,0.02631578947368421,0.07894736842105263
2015/16,Sunderland,19,6,6,7,23,20,1,2,19,3,6,10,25,42,1,2,38,9,12,17,48,62,-14,2,4,0.23684210526315788,0.05263157894736842,0.10526315789473684
2015/16,Swansea,19,8,6,5,20,20,0,3,19,4,5,10,22,32,0,2,38,12,11,15,42,52,-10,0,5,0.3157894736842105,0.0,0.13157894736842105
2015/16,Tottenham,19,10,6,3,35,15,1,3,19,9,7,3,34,20,1,2,38,19,13,6,69,35,34,2,5,0.5,0.05263157894736842,0.13157894736842105
2015/16,Watford,19,6,6,7,20,19,0,0,19,6,3,10,20,31,0,1,38,12,9,17,40,50,-10,0,1,0.3157894736842105,0.0,0.02631578947368421
2015/16,West Brom,19,6,5,8,20,26,0,2,19,4,8,7,14,22,0,1,38,10,13,15,34,48,-14,0,3,0.2631578947368421,0.0,0.07894736842105263
2015/16,West Ham,19,9,7,3,34,26,1,2,19,7,7,5,31,25,2,2,38,16,14,8,65,51,14,3,4,0.42105263157894735,0.07894736842105263,0.10526315789473684
2016/17,Arsenal,19,14,3,2,39,16,0,1,19,9,3,7,38,28,0,1,38,23,6,9,77,44,33,0,2,0.6052631578947368,0.0,0.05263157894736842
2016/17,Bournemouth,19,9,4,6,35,29,1,1,19,3,6,10,20,38,0,3,38,12,10,16,55,67,-12,1,4,0.3157894736842105,0.02631578947368421,0.10526315789473684
2016/17,Burnley,19,10,3,6,26,20,0,0,19,1,4,14,13,35,0,0,38,11,7,20,39,55,-16,0,0,0.2894736842105263,0.0,0.0
2016/17,Chelsea,19,17,0,2,55,17,0,0,19,13,3,3,30,16,1,2,38,30,3,5,85,33,52,1,2,0.7894736842105263,0.02631578947368421,0.05263157894736842
2016/17,Crystal Palace,19,6,2,11,24,25,0,0,19,6,3,10,26,38,1,1,38,12,5,21,50,63,-13,1,1,0.3157894736842105,0.02631578947368421,0.02631578947368421
2016/17,Everton,19,13,4,2,42,16,0,2,19,4,6,9,20,28,0,1,38,17,10,11,62,44,18,0,3,0.4473684210526316,0.0,0.07894736842105263
2016/17,Hull,19,8,4,7,28,35,2,1,19,1,3,15,9,45,0,1,38,9,7,22,37,80,-43,2,2,0.23684210526315788,0.05263157894736842,0.05263157894736842
2016/17,Leicester,19,10,4,5,31,25,0,0,19,2,4,13,17,38,0,1,38,12,8,18,48,63,-15,0,1,0.3157894736842105,0.0,0.02631578947368421
2016/17,Liverpool,19,12,5,2,45,18,0,0,19,10,5,4,33,24,2,3,38,22,10,6,78,42,36,2,3,0.5789473684210527,0.05263157894736842,0.07894736842105263
2016/17,Man City,19,11,7,1,37,17,1,2,19,12,2,5,43,22,0,1,38,23,9,6,80,39,41,1,3,0.6052631578947368,0.02631578947368421,0.07894736842105263
2016/17,Man United,19,8,10,1,26,12,0,1,19,10,5,4,28,17,0,1,38,18,15,5,54,29,25,0,2,0.47368421052631576,0.0,0.05263157894736842
2016/17,Middlesbrough,19,4,6,9,17,23,0,2,19,1,7,11,10,30,0,0,38,5,13,20,27,53,-26,0,2,0.13157894736842105,0.0,0.05263157894736842
2016/17,Southampton,19,6,6,7,17,21,0,0,19,6,4,9,24,27,0,2,38,12,10,16,41,48,-7,0,2,0.3157894736842105,0.0,0.05263157894736842
2016/17,Stoke,19,7,6,6,24,24,0,3,19,4,5,10,17,32,0,1,38,11,11,16,41,56,-15,0,4,0.2894736842105263,0.0,0.10526315789473684
2016/17,Sunderland,19,3,5,11,16,34,0,1,19,3,1,15,13,35,0,0,38,6,6,26,29,69,-40,0,1,0.15789473684210525,0.0,0.02631578947368421
2016/17,Swansea,19,8,3,8,27,34,1,2,19,4,2,13,18,36,0,1,38,12,5,21,45,70,-25,1,3,0.3157894736842105,0.02631578947368421,0.07894736842105263
2016/17,Tottenham,19,17,2,0,47,9,1,1,19,9,6,4,39,17,1,0,38,26,8,4,86,26,60,2,1,0.6842105263157895,0.05263157894736842,0.02631578947368421
2016/17,Watford,19,8,4,7,25,29,0,1,19,3,3,13,15,39,0,2,38,11,7,20,40,68,-28,0,3,0.2894736842105263,0.0,0.07894736842105263
2016/17,West Brom,19,9,2,8,27,22,1,0,19,3,7,9,16,29,0,4,38,12,9,17,43,51,-8,1,4,0.3157894736842105,0.02631578947368421,0.10526315789473684
2016/17,West Ham,19,7,4,8,19,31,0,0,19,5,5,9,28,33,0,3,38,12,9,17,47,64,-17,0,3,0.3157894736842105,0.0,0.07894736842105263
2017/18,Arsenal,19,15,2,2,54,20,1,0,19,4,4,11,20,31,0,1,38,19,6,13,74,51,23,1,1,0.5,0.02631578947368421,0.02631578947368421
2017/18,Bournemouth,19,7,5,7,26,30,1,1,19,4,6,9,19,31,1,1,38,11,11,16,45,61,-16,2,2,0.2894736842105263,0.05263157894736842,0.05263157894736842
2017/18,Brighton,19,7,8,4,24,25,0,0,19,2,5,12,10,29,0,2,38,9,13,16,34,54,-20,0,2,0.23684210526315788,0.0,0.05263157894736842
2017/18,Burnley,19,7,5,7,16,17,1,1,19,7,7,5,20,22,0,1,38,14,12,12,36,39,-3,1,2,0.3684210526315789,0.02631578947368421,0.05263157894736842
2017/18,Chelsea,19,11,4,4,30,16,0,1,19,10,3,6,32,22,1,0,38,21,7,10,62,38,24,1,1,0.5526315789473685,0.02631578947368421,0.02631578947368421
2017/18,Crystal Palace,19,7,5,7,29,27,1,2,19,4,6,9,16,28,2,0,38,11,11,16,45,55,-10,3,2,0.2894736842105263,0.07894736842105263,0.05263157894736842
2017/18,Everton,19,10,4,5,28,22,0,0,19,3,6,10,16,36,0,3,38,13,10,15,44,58,-14,0,3,0.34210526315789475,0.0,0.07894736842105263
2017/18,Huddersfield,19,6,5,8,16,25,0,2,19,3,5,11,12,33,0,0,38,9,10,19,28,58,-30,0,2,0.23684210526315788,0.0,0.05263157894736842
2017/18,Leicester,19,7,6,6,25,22,0,1,19,5,5,9,31,38,0,2,38,12,11,15,56,60,-4,0,3,0.3157894736842105,0.0,0.07894736842105263
2017/18,Liverpool,19,12,7,0,45,10,1,2,19,9,5,5,39,28,1,2,38,21,12,5,84,38,46,2,4,0.5526315789473685,0.05263157894736842,0.10526315789473684
2017/18,Man City,19,16,2,1,61,14,1,1,19,16,2,1,45,13,1,1,38,32,4,2,106,27,79,2,2,0.8421052631578947,0.05263157894736842,0.05263157894736842
2017/18,Man United,19,15,2,2,38,9,0,0,19,10,4,5,30,19,2,0,38,25,6,7,68,28,40,2,0,0.6578947368421053,0.05263157894736842,0.0
2017/18,Newcastle,19,8,4,7,21,17,0,0,19,4,4,11,18,30,0,3,38,12,8,18,39,47,-8,0,3,0.3157894736842105,0.0,0.07894736842105263
2017/18,Southampton,19,4,7,8,20,26,0,4,19,3,8,8,17,30,0,2,38,7,15,16,37,56,-19,0,6,0.18421052631578946,0.0,0.15789473684210525
2017/18,Stoke,19,5,5,9,20,30,0,2,19,2,7,10,15,38,0,3,38,7,12,19,35,68,-33,0,5,0.18421052631578946,0.0,0.13157894736842105
2017/18,Swansea,19,6,3,10,17,24,0,0,19,2,6,11,11,32,1,1,38,8,9,21,28,56,-28,1,1,0.21052631578947367,0.02631578947368421,0.02631578947368421
2017/18,Tottenham,19,13,4,2,40,16,1,0,19,10,4,5,34,20,0,0,38,23,8,7,74,36,38,1,0,0.6052631578947368,0.02631578947368421,0.0
2017/18,Watford,19,7,6,6,27,31,1,2,19,4,2,13,17,33,0,1,38,11,8,19,44,64,-20,1,3,0.2894736842105263,0.02631578947368421,0.07894736842105263
2017/18,West Brom,19,3,9,7,21,29,0,2,19,3,4,12,10,27,0,3,38,6,13,19,31,56,-25,0,5,0.15789473684210525,0.0,0.13157894736842105
2017/18,West Ham,19,7,6,6,24,26,1,0,19,3,6,10,24,42,0,3,38,10,12,16,48,68,-20,1,3,0.2631578947368421,0.02631578947368421,0.07894736842105263
2018/19,Arsenal,19,14,3,2,42,16,1,1,19,7,4,8,31,35,0,1,38,21,7,10,73,51,22,1,2,0.5526315789473685,0.02631578947368421,0.05263157894736842
2018/19,Bournemouth,19,8,5,6,30,25,0,1,19,5,1,13,26,45,1,1,38,13,6,19,56,70,-14,1,2,0.34210526315789475,0.02631578947368421,0.05263157894736842
2018/19,Brighton,19,6,5,8,19,28,0,1,19,3,4,12,16,32,0,1,38,9,9,20,35,60,-25,0,2,0.23684210526315788,0.0,0.05263157894736842
2018/19,Burnley,19,7,2,10,24,32,0,1,19,4,5,10,21,36,0,0,38,11,7,20,45,68,-23,0,1,0.2894736842105263,0.0,0.02631578947368421
2018/19,Cardiff,19,6,2,11,21,38,1,0,19,4,2,13,13,31,0,0,38,10,4,24,34,69,-35,1,0,0.2631578947368421,0.02631578947368421,0.0
2018/19,Chelsea,19,12,6,1,39,12,0,2,19,9,3,7,24,27,0,1,38,21,9,8,63,39,24,0,3,0.5526315789473685,0.0,0.07894736842105263
2018/19,Crystal Palace,19,5,5,9,19,23,0,2,19,9,2,8,32,30,0,3,38,14,7,17,51,53,-2,0,5,0.3684210526315789,0.0,0.13157894736842105
2018/19,Everton,19,10,4,5,30,21,0,1,19,5,5,9,24,25,0,1,38,15,9,14,54,46,8,0,2,0.39473684210526316,0.0,0.05263157894736842
2018/19,Fulham,19,6,3,10,22,36,1,2,19,1,2,16,12,45,0,1,38,7,5,26,34,81,-47,1,3,0.18421052631578946,0.02631578947368421,0.07894736842105263
2018/19,Huddersfield,19,2,3,14,10,31,0,1,19,1,4,14,12,45,0,1,38,3,7,28,22,76,-54,0,2,0.07894736842105263,0.0,0.05263157894736842
2018/19,Leicester,19,8,3,8,24,20,0,0,19,7,4,8,27,28,0,0,38,15,7,16,51,48,3,0,0,0.39473684210526316,0.0,0.0
2018/19,Liverpool,19,17,2,0,55,10,1,0,19,13,5,1,34,12,0,0,38,30,7,1,89,22,67,1,0,0.7894736842105263,0.02631578947368421,0.0
2018/19,Man City,19,18,0,1,57,12,0,0,19,14,2,3,38,11,0,1,38,32,2,4,95,23,72,0,1,0.8421052631578947,0.0,0.02631578947368421
2018/19,Man United,19,10,6,3,33,25,2,1,19,9,3,7,32,29,0,1,38,19,9,10,65,54,11,2,2,0.5,0.05263157894736842,0.05263157894736842
2018/19,Newcastle,19,8,1,10,24,25,2,0,19,4,8,7,18,23,0,4,38,12,9,17,42,48,-6,2,4,0.3157894736842105,0.05263157894736842,0.10526315789473684
2018/19,Southampton,19,5,8,6,27,30,1,3,19,4,4,11,18,35,0,2,38,9,12,17,45,65,-20,1,5,0.23684210526315788,0.02631578947368421,0.13157894736842105
2018/19,Tottenham,19,12,2,5,34,16,1,2,19,11,0,8,33,23,1,2,38,23,2,13,67,39,28,2,4,0.6052631578947368,0.05263157894736842,0.10526315789473684
2018/19,Watford,19,8,3,8,26,28,0,0,19,6,5,8,26,31,1,2,38,14,8,16,52,59,-7,1,2,0.3684210526315789,0.02631578947368421,0.05263157894736842
2018/19,West Ham,19,9,4,6,32,27,2,2,19,6,3,10,20,28,0,2,38,15,7,16,52,55,-3,2,4,0.39473684210526316,0.05263157894736842,0.10526315789473684
2018/19,Wolves,19,10,4,5,28,21,1,0,19,6,5,8,19,25,1,2,38,16,9,13,47,46,1,2,2,0.42105263157894735,0.05263157894736842,0.05263157894736842
2019/20,Arsenal,19,10,6,3,36,24,1,5,19,4,8,7,20,24,1,2,38,14,14,10,56,48,8,2,7,0.3684210526315789,0.05263157894736842,0.18421052631578946
2019/20,Aston Villa,19,7,3,9,22,30,1,3,19,2,5,12,19,37,0,2,38,9,8,21,41,67,-26,1,5,0.23684210526315788,0.02631578947368421,0.13157894736842105
2019/20,Bournemouth,19,5,6,8,22,30,1,1,19,4,1,14,18,35,0,0,38,9,7,22,40,65,-25,1,1,0.23684210526315788,0.02631578947368421,0.02631578947368421
2019/20,Brighton,19,5,7,7,20,27,0,1,19,4,7,8,19,27,0,2,38,9,14,15,39,54,-15,0,3,0.23684210526315788,0.0,0.07894736842105263
2019/20,Burnley,19,8,4,7,24,23,1,2,19,7,5,7,19,27,0,1,38,15,9,14,43,50,-7,1,3,0.39473684210526316,0.02631578947368421,0.07894736842105263
2019/20,Chelsea,19,11,3,5,30,16,0,3,19,9,3,7,39,38,2,2,38,20,6,12,69,54,15,2,5,0.5263157894736842,0.05263157894736842,0.13157894736842105
2019/20,Crystal Palace,19,6,5,8,15,20,0,0,19,5,5,9,16,30,0,1,38,11,10,17,31,50,-19,0,1,0.2894736842105263,0.0,0.02631578947368421
2019/20,Everton,19,8,7,4,24,21,0,1,19,5,3,11,20,35,0,2,38,13,10,15,44,56,-12,0,3,0.34210526315789475,0.0,0.07894736842105263
2019/20,Leicester,19,11,4,4,35,17,2,0,19,7,4,8,32,24,0,2,38,18,8,12,67,41,26,2,2,0.47368421052631576,0.05263157894736842,0.05263157894736842
2019/20,Liverpool,19,18,1,0,52,16,1,1,19,14,2,3,33,17,1,0,38,32,3,3,85,33,52,2,1,0.8421052631578947,0.05263157894736842,0.02631578947368421
2019/20,Man City,19,15,2,2,57,13,1,1,19,11,1,7,45,22,0,1,38,26,3,9,102,35,67,1,2,0.6842105263157895,0.02631578947368421,0.05263157894736842
2019/20,Man United,19,10,7,2,40,17,0,3,19,8,5,6,26,19,0,2,38,18,12,8,66,36,30,0,5,0.47368421052631576,0.0,0.13157894736842105
2019/20,Newcastle,19,6,8,5,20,21,0,1,19,5,3,11,18,37,0,1,38,11,11,16,38,58,-20,0,2,0.2894736842105263,0.0,0.05263157894736842
2019/20,Norwich,19,4,3,12,19,37,0,5,19,1,3,15,7,38,0,0,38,5,6,27,26,75,-49,0,5,0.13157894736842105,0.0,0.13157894736842105
2019/20,Sheffield United,19,10,3,6,24,15,0,1,19,4,9,6,15,24,1,2,38,14,12,12,39,39,0,1,3,0.3684210526315789,0.02631578947368421,0.07894736842105263
2019/20,Southampton,19,6,3,10,21,35,2,1,19,9,4,6,30,25,0,1,38,15,7,16,51,60,-9,2,2,0.39473684210526316,0.05263157894736842,0.05263157894736842
2019/20,Tottenham,19,12,3,4,36,17,2,2,19,4,8,7,25,30,0,4,38,16,11,11,61,47,14,2,6,0.42105263157894735,0.05263157894736842,0.15789473684210525
2019/20,Watford,19,6,6,7,22,27,1,0,19,2,4,13,14,37,0,4,38,8,10,20,36,64,-28,1,4,0.21052631578947367,0.02631578947368421,0.10526315789473684
2019/20,West Ham,19,6,4,9,30,33,0,3,19,4,5,10,19,29,0,1,38,10,9,19,49,62,-13,0,4,0.2631578947368421,0.0,0.10526315789473684
2019/20,Wolves,19,8,7,4,27,19,1,0,19,7,7,5,24,21,3,0,38,15,14,9,51,40,11,4,0,0.39473684210526316,0.10526315789473684,0.0
2020/21,Arsenal,19,8,4,7,24,21,0,0,19,10,3,6,31,18,0,0,38,18,7,13,55,39,16,0,0,0.47368421052631576,0.0,0.0
2020/21,Aston Villa,19,7,4,8,29,27,0,1,19,9,3,7,26,19,0,3,38,16,7,15,55,46,9,0,4,0.42105263157894735,0.0,0.10526315789473684
2020/21,Brighton,19,4,9,6,22,22,1,2,19,5,5,9,18,24,0,4,38,9,14,15,40,46,-6,1,6,0.23684210526315788,0.02631578947368421,0.15789473684210525
2020/21,Burnley,19,4,6,9,14,27,1,1,19,6,3,10,19,28,0,0,38,10,9,19,33,55,-22,1,1,0.2631578947368421,0.02631578947368421,0.02631578947368421
2020/21,Chelsea,19,9,6,4,31,18,0,2,19,10,4,5,27,18,1,0,38,19,10,9,58,36,22,1,2,0.5,0.02631578947368421,0.05263157894736842
2020/21,Crystal Palace,19,6,5,8,20,32,1,1,19,6,3,10,21,34,0,2,38,12,8,18,41,66,-25,1,3,0.3157894736842105,0.02631578947368421,0.07894736842105263
2020/21,Everton,19,6,4,9,24,28,0,1,19,11,4,4,23,20,0,0,38,17,8,13,47,48,-1,0,1,0.4473684210526316,0.0,0.02631578947368421
2020/21,Fulham,19,2,4,13,9,28,0,1,19,3,9,7,18,25,0,2,38,5,13,20,27,53,-26,0,3,0.13157894736842105,0.0,0.07894736842105263
2020/21,Leeds,19,8,5,6,28,21,0,0,19,10,0,9,34,33,0,0,38,18,5,15,62,54,8,0,0,0.47368421052631576,0.0,0.0
2020/21,Leicester,19,9,1,9,34,30,1,0,19,11,5,3,34,20,1,0,38,20,6,12,68,50,18,2,0,0.5263157894736842,0.05263157894736842,0.0
2020/21,Liverpool,19,10,3,6,29,20,1,2,19,10,6,3,39,22,0,1,38,20,9,9,68,42,26,1,3,0.5263157894736842,0.02631578947368421,0.07894736842105263
2020/21,Man City,19,13,2,4,43,17,0,1,19,14,3,2,40,15,0,2,38,27,5,6,83,32,51,0,3,0.7105263157894737,0.0,0.07894736842105263
2020/21,Man United,19,9,4,6,38,28,1,2,19,12,7,0,35,16,4,0,38,21,11,6,73,44,29,5,2,0.5526315789473685,0.13157894736842105,0.05263157894736842
2020/21,Newcastle,19,6,5,8,26,33,0,0,19,6,4,9,20,29,1,0,38,12,9,17,46,62,-16,1,0,0.3157894736842105,0.02631578947368421,0.0
2020/21,Sheffield United,19,5,1,13,12,27,1,0,19,2,1,16,8,36,0,0,38,7,2,29,20,63,-43,1,0,0.18421052631578946,0.02631578947368421,0.0
2020/21,Southampton,19,8,3,8,28,25,0,3,19,4,4,11,19,43,0,2,38,12,7,19,47,68,-21,0,5,0.3157894736842105,0.0,0.13157894736842105
2020/21,Tottenham,19,10,3,6,35,20,1,4,19,8,5,6,33,25,0,3,38,18,8,12,68,45,23,1,7,0.47368421052631576,0.02631578947368421,0.18421052631578946
2020/21,West Brom,19,3,6,10,15,39,0,1,19,2,5,12,20,37,1,1,38,5,11,22,35,76,-41,1,2,0.13157894736842105,0.02631578947368421,0.05263157894736842
2020/21,West Ham,19,10,4,5,32,22,0,3,19,9,4,6,30,25,0,0,38,19,8,11,62,47,15,0,3,0.5,0.0,0.07894736842105263
2020/21,Wolves,19,7,4,8,21,25,1,1,19,5,5,9,15,27,1,2,38,12,9,17,36,52,-16,2,3,0.3157894736842105,0.05263157894736842,0.07894736842105263
2021/22,Arsenal,19,13,2,4,35,17,1,2,19,9,1,9,26,31,0,1,38,22,3,13,61,48,13,1,3,0.5789473684210527,0.02631578947368421,0.07894736842105263
2021/22,Aston Villa,19,6,5,8,29,29,0,1,19,7,1,11,23,25,0,1,38,13,6,19,52,54,-2,0,2,0.34210526315789475,0.0,0.05263157894736842
2021/22,Brentford,19,7,3,9,22,21,1,0,19,6,4,9,26,35,1,0,38,13,7,18,48,56,-8,2,0,0.34210526315789475,0.05263157894736842,0.0
2021/22,Brighton,19,5,7,7,19,23,1,2,19,7,8,4,23,21,1,1,38,12,15,11,42,44,-2,2,3,0.3157894736842105,0.05263157894736842,0.07894736842105263
2021/22,Burnley,19,5,6,8,18,25,1,1,19,2,8,9,16,28,1,3,38,7,14,17,34,53,-19,2,4,0.18421052631578946,0.05263157894736842,0.10526315789473684
2021/22,Chelsea,19,9,7,3,37,22,0,2,19,12,4,3,39,11,0,2,38,21,11,6,76,33,43,0,4,0.5526315789473685,0.0,0.10526315789473684
2021/22,Crystal Palace,19,7,8,4,27,17,0,2,19,4,7,8,23,29,1,2,38,11,15,12,50,46,4,1,4,0.2894736842105263,0.02631578947368421,0.10526315789473684
2021/22,Everton,19,9,2,8,27,25,3,1,19,2,4,13,16,41,0,1,38,11,6,21,43,66,-23,3,2,0.2894736842105263,0.07894736842105263,0.05263157894736842
2021/22,Leeds,19,4,6,9,19,38,0,3,19,5,5,9,23,41,1,1,38,9,11,18,42,79,-37,1,4,0.23684210526315788,0.02631578947368421,0.10526315789473684
2021/22,Leicester,19,10,4,5,34,23,0,0,19,4,6,9,28,36,0,2,38,14,10,14,62,59,3,0,2,0.3684210526315789,0.0,0.05263157894736842
2021/22,Liverpool,19,15,4,0,49,9,0,1,19,13,4,2,45,17,0,0,38,28,8,2,94,26,68,0,1,0.7368421052631579,0.0,0.02631578947368421
2021/22,Man City,19,15,2,2,58,15,1,1,19,14,4,1,41,11,1,0,38,29,6,3,99,26,73,2,1,0.7631578947368421,0.05263157894736842,0.02631578947368421
2021/22,Man United,19,10,5,4,32,22,0,2,19,6,5,8,25,35,0,2,38,16,10,12,57,57,0,0,4,0.42105263157894735,0.0,0.10526315789473684
2021/22,Newcastle,19,8,6,5,26,27,0,2,19,5,4,10,18,35,0,1,38,13,10,15,44,62,-18,0,3,0.34210526315789475,0.0,0.07894736842105263
2021/22,Norwich,19,3,3,13,12,43,0,1,19,2,4,13,11,41,0,1,38,5,7,26,23,84,-61,0,2,0.13157894736842105,0.0,0.05263157894736842
2021/22,Southampton,19,6,7,6,23,24,0,5,19,3,6,10,20,43,0,2,38,9,13,16,43,67,-24,0,7,0.23684210526315788,0.0,0.18421052631578946
2021/22,Tottenham,19,13,1,5,38,19,1,0,19,9,4,6,31,21,0,0,38,22,5,11,69,40,29,1,0,0.5789473684210527,0.02631578947368421,0.0
2021/22,Watford,19,2,2,15,17,46,0,1,19,4,3,12,17,31,0,1,38,6,5,27,34,77,-43,0,2,0.15789473684210525,0.0,0.05263157894736842
2021/22,West Ham,19,9,5,5,33,26,1,3,19,7,3,9,27,25,2,1,38,16,8,14,60,51,9,3,4,0.42105263157894735,0.07894736842105263,0.10526315789473684
2021/22,Wolves,19,7,3,9,20,25,0,1,19,8,3,8,18,18,0,2,38,15,6,17,38,43,-5,0,3,0.39473684210526316,0.0,0.07894736842105263
2022/23,Arsenal,19,14,3,2,53,25,2,0,19,12,3,4,35,18,1,3,38,26,6,6,88,43,45,3,3,0.6842105263157895,0.07894736842105263,0.07894736842105263
2022/23,Aston Villa,19,12,2,5,33,21,0,1,19,6,5,8,18,25,0,1,38,18,7,13,51,46,5,0,2,0.47368421052631576,0.0,0.05263157894736842
2022/23,Bournemouth,19,6,4,9,20,28,2,2,19,5,2,12,17,43,1,3,38,11,6,21,37,71,-34,3,5,0.2894736842105263,0.07894736842105263,0.13157894736842105
2022/23,Brentford,19,10,7,2,35,18,1,3,19,5,7,7,23,28,1,0,38,15,14,9,58,46,12,2,3,0.39473684210526316,0.05263157894736842,0.07894736842105263
2022/23,Brighton,19,10,4,5,37,21,0,0,19,8,4,7,35,32,0,1,38,18,8,12,72,53,19,0,1,0.47368421052631576,0.0,0.02631578947368421
2022/23,Chelsea,19,6,7,6,20,19,0,1,19,5,4,10,18,28,0,1,38,11,11,16,38,47,-9,0,2,0.2894736842105263,0.0,0.05263157894736842
2022/23,Crystal Palace,19,7,7,5,21,23,1,0,19,4,5,10,19,26,0,2,38,11,12,15,40,49,-9,1,2,0.2894736842105263,0.02631578947368421,0.05263157894736842
2022/23,Everton,19,6,3,10,16,27,0,1,19,2,9,8,18,30,0,3,38,8,12,18,34,57,-23,0,4,0.21052631578947367,0.0,0.10526315789473684
2022/23,Fulham,19,8,5,6,31,29,0,1,19,7,2,10,24,24,1,1,38,15,7,16,55,53,2,1,2,0.39473684210526316,0.02631578947368421,0.05263157894736842
2022/23,Leeds,19,5,7,7,26,37,1,1,19,2,3,14,22,41,0,2,38,7,10,21,48,78,-30,1,3,0.18421052631578946,0.02631578947368421,0.07894736842105263
2022/23,Leicester,19,5,4,10,23,27,0,2,19,4,3,12,28,41,0,1,38,9,7,22,51,68,-17,0,3,0.23684210526315788,0.0,0.07894736842105263
2022/23,Liverpool,19,13,5,1,46,17,1,0,19,6,5,8,29,30,0,0,38,19,10,9,75,47,28,1,0,0.5,0.02631578947368421,0.0
2022/23,Man City,19,17,1,1,60,17,2,1,19,11,4,4,34,16,0,1,38,28,5,5,94,33,61,2,2,0.7368421052631579,0.05263157894736842,0.05263157894736842
2022/23,Man United,19,15,3,1,36,10,0,0,19,8,3,8,22,33,0,2,38,23,6,9,58,43,15,0,2,0.6052631578947368,0.0,0.05263157894736842
2022/23,Newcastle,19,11,6,2,36,14,1,1,19,8,8,3,32,19,1,1,38,19,14,5,68,33,35,2,2,0.5,0.05263157894736842,0.05263157894736842
2022/23,Nott'm Forest,19,8,6,5,27,24,0,3,19,1,5,13,11,44,0,3,38,9,11,18,38,68,-30,0,6,0.23684210526315788,0.0,0.15789473684210525
2022/23,Southampton,19,2,5,12,19,37,0,2,19,4,2,13,17,36,1,2,38,6,7,25,36,73,-37,1,4,0.15789473684210525,0.02631578947368421,0.10526315789473684
2022/23,Tottenham,19,12,1,6,37,25,1,1,19,6,5,8,33,38,1,3,38,18,6,14,70,63,7,2,4,0.47368421052631576,0.05263157894736842,0.10526315789473684
2022/23,West Ham,19,8,4,7,26,24,0,0,19,3,3,13,16,31,0,1,38,11,7,20,42,55,-13,0,1,0.2894736842105263,0.0,0.02631578947368421
2022/23,Wolves,19,9,3,7,19,20,0,2,19,2,5,12,12,38,1,3,38,11,8,19,31,58,-27,1,5,0.2894736842105263,0.02631578947368421,0.13157894736842105
2023/24,Arsenal,19,15,2,2,48,16,0,0,19,13,3,3,43,13,0,0,38,28,5,5,91,29,62,0,0,0.7368421052631579,0.0,0.0
2023/24,Aston Villa,19,12,4,3,48,28,0,2,19,8,4,7,28,33,1,1,38,20,8,10,76,61,15,1,3,0.5263157894736842,0.02631578947368421,0.07894736842105263
2023/24,Bournemouth,19,7,6,6,27,28,1,2,19,6,3,10,27,39,0,1,38,13,9,16,54,67,-13,1,3,0.34210526315789475,0.02631578947368421,0.07894736842105263
2023/24,Brentford,19,5,7,7,29,34,1,2,19,5,2,12,27,31,0,2,38,10,9,19,56,65,-9,1,4,0.2631578947368421,0.02631578947368421,0.10526315789473684
2023/24,Brighton,19,8,6,5,30,27,0,2,19,4,6,9,25,35,0,1,38,12,12,14,55,62,-7,0,3,0.3157894736842105,0.0,0.07894736842105263
2023/24,Burnley,19,2,4,13,19,43,0,1,19,3,5,11,22,35,0,3,38,5,9,24,41,78,-37,0,4,0.13157894736842105,0.0,0.10526315789473684
2023/24,Chelsea,19,11,4,4,44,26,0,2,19,7,5,7,33,37,1,2,38,18,9,11,77,63,14,1,4,0.47368421052631576,0.02631578947368421,0.10526315789473684
2023/24,Crystal Palace,19,8,4,7,37,26,0,3,19,5,6,8,20,32,0,1,38,13,10,15,57,58,-1,0,4,0.34210526315789475,0.0,0.10526315789473684
2023/24,Everton,19,8,4,7,22,18,0,2,19,5,5,9,18,33,0,0,38,13,9,16,40,51,-11,0,2,0.34210526315789475,0.0,0.05263157894736842
2023/24,Fulham,19,9,2,8,31,24,0,0,19,4,6,9,24,37,0,2,38,13,8,17,55,61,-6,0,2,0.34210526315789475,0.0,0.05263157894736842
2023/24,Liverpool,19,15,3,1,49,17,1,0,19,9,7,3,37,24,2,3,38,24,10,4,86,41,45,3,3,0.631578947368421,0.07894736842105263,0.07894736842105263
2023/24,Luton,19,4,4,11,28,37,0,1,19,2,4,13,24,48,0,4,38,6,8,24,52,85,-33,0,5,0.15789473684210525,0.0,0.13157894736842105
2023/24,Man City,19,14,5,0,51,16,1,3,19,14,2,3,45,18,4,1,38,28,7,3,96,34,62,5,4,0.7368421052631579,0.13157894736842105,0.10526315789473684
2023/24,Man United,19,10,3,6,31,28,3,1,19,8,3,8,26,30,0,1,38,18,6,14,57,58,-1,3,2,0.47368421052631576,0.07894736842105263,0.05263157894736842
2023/24,Newcastle,19,12,4,3,49,22,1,3,19,6,2,11,36,40,0,1,38,18,6,14,85,62,23,1,4,0.47368421052631576,0.02631578947368421,0.10526315789473684
2023/24,Nott'm Forest,19,5,5,9,27,30,0,0,19,4,4,11,22,37,0,2,38,9,9,20,49,67,-18,0,2,0.23684210526315788,0.0,0.05263157894736842
2023/24,Sheffield United,19,2,4,13,19,57,0,1,19,1,3,15,16,47,0,1,38,3,7,28,35,104,-69,0,2,0.07894736842105263,0.0,0.05263157894736842
2023/24,Tottenham,19,13,0,6,38,27,3,1,19,7,6,6,36,34,0,2,38,20,6,12,74,61,13,3,3,0.5263157894736842,0.07894736842105263,0.07894736842105263
2023/24,West Ham,19,7,8,4,31,28,1,5,19,7,2,10,29,46,2,2,38,14,10,14,60,74,-14,3,7,0.3684210526315789,0.07894736842105263,0.18421052631578946
2023/24,Wolves,19,8,3,8,26,30,1,2,19,5,4,10,24,35,1,0,38,13,7,18,50,65,-15,2,2,0.34210526315789475,0.05263157894736842,0.05263157894736842
2024/25,Arsenal,18,10,6,2,34,17,0,5,17,8,7,2,30,14,0,3,35,18,13,4,64,31,33,0,8,0.5142857142857142,0.0,0.22857142857142856
2024/25,Aston Villa,18,10,7,1,32,20,3,2,17,7,2,8,23,29,0,2,35,17,9,9,55,49,6,3,4,0.4857142857142857,0.08571428571428572,0.11428571428571428
2024/25,Bournemouth,17,7,4,6,21,15,0,2,18,7,7,4,34,27,2,2,35,14,11,10,55,42,13,2,4,0.4,0.05714285714285714,0.11428571428571428
2024/25,Brentford,18,9,4,5,38,32,0,2,17,6,3,8,24,21,0,2,35,15,7,13,62,53,9,0,4,0.42857142857142855,0.0,0.11428571428571428
2024/25,Brighton,18,7,8,3,27,24,2,4,17,6,5,6,30,32,0,2,35,13,13,9,57,56,1,2,6,0.37142857142857144,0.05714285714285714,0.17142857142857143
2024/25,Chelsea,18,11,5,2,34,18,1,3,17,7,4,6,28,23,2,2,35,18,9,8,62,41,21,3,5,0.5142857142857142,0.08571428571428572,0.14285714285714285
2024/25,Crystal Palace,18,5,7,6,20,24,0,0,17,6,6,5,24,24,0,2,35,11,13,11,44,48,-4,0,2,0.3142857142857143,0.0,0.05714285714285714
2024/25,Everton,18,4,9,5,24,23,1,2,17,4,6,7,12,20,0,2,35,8,15,12,36,43,-7,1,4,0.22857142857142856,0.02857142857142857,0.11428571428571428
2024/25,Fulham,17,7,5,5,26,25,1,4,18,7,4,7,24,22,3,1,35,14,9,12,50,47,3,4,5,0.4,0.11428571428571428,0.14285714285714285
2024/25,Ipswich,17,1,4,12,13,40,0,2,18,3,6,9,22,36,0,2,35,4,10,21,35,76,-41,0,4,0.11428571428571428,0.0,0.11428571428571428
2024/25,Leicester,18,3,3,12,13,34,0,0,17,2,3,12,16,42,2,1,35,5,6,24,29,76,-47,2,1,0.14285714285714285,0.05714285714285714,0.02857142857142857
2024/25,Liverpool,17,14,2,1,39,13,2,0,18,11,5,2,42,22,0,0,35,25,7,3,81,35,46,2,0,0.7142857142857143,0.05714285714285714,0.0
2024/25,Man City,18,12,3,3,40,22,0,2,17,7,4,6,27,21,0,2,35,19,7,9,67,43,24,0,4,0.5428571428571428,0.0,0.11428571428571428
2024/25,Man United,17,6,3,8,21,26,2,1,18,4,6,8,21,25,1,0,35,10,9,16,42,51,-9,3,1,0.2857142857142857,0.08571428571428572,0.02857142857142857
2024/25,Newcastle,17,11,2,4,38,19,0,2,18,8,4,6,28,26,2,0,35,19,6,10,66,45,21,2,2,0.5428571428571428,0.05714285714285714,0.05714285714285714
2024/25,Nott'm Forest,17,9,4,4,24,13,0,3,18,9,3,6,30,29,0,0,35,18,7,10,54,42,12,0,3,0.5142857142857142,0.0,0.08571428571428572
2024/25,Southampton,17,1,2,14,12,45,0,4,18,1,3,14,13,37,0,2,35,2,5,28,25,82,-57,0,6,0.05714285714285714,0.0,0.17142857142857143
2024/25,Tottenham,17,6,3,8,34,29,1,3,18,5,2,11,29,28,0,2,35,11,5,19,63,57,6,1,5,0.3142857142857143,0.02857142857142857,0.14285714285714285
2024/25,West Ham,18,5,5,8,22,32,0,0,17,4,5,8,18,27,0,1,35,9,10,16,40,59,-19,0,1,0.2571428571428571,0.0,0.02857142857142857
2024/25,Wolves,17,6,2,9,26,29,0,1,18,6,3,9,25,33,1,1,35,12,5,18,51,62,-11,1,2,0.34285714285714286,0.02857142857142857,0.05714285714285714
